TARGET_BAD_FLAG,TARGET_LOSS_AMT,LOAN,IMP_MORTDUE,M_MORTDUE,IMP_VALUE,M_VALUE,IMP_YOJ,M_YOJ,IMP_DEROG,M_DEROG,IMP_DELINQ,M_DELINQ,IMP_CLAGE,M_CLAGE,IMP_NINQ,M_NINQ,IMP_CLNO,M_CLNO,IMP_DEBTINC,M_DEBTINC,FLAG.Job.Mgr,FLAG.Job.Office,FLAG.Job.Other,FLAG.Job.ProfExe,FLAG.Job.Sales,FLAG.Job.Self,FLAG.Reason.DebtCon,FLAG.Reason.HomeImp
0,0,1975.42,68547,0,132589,0,11.3,0,0,1,0,1,278.9,0,0,0,11,0,33.33,0,0,0,0,0,0,1,0,1
0,0,7063.7,68747,0,90723,0,11.6,0,0,0,0,0,261.7,0,1,0,6,0,22.21,0,1,0,0,0,0,0,1,0
0,0,39423.64,122325,0,29757,0,11.1,0,0,0,0,1,56.9,0,0,0,19,0,43.9,0,0,0,1,0,0,0,1,0
0,0,2251.91,45411,0,97554,0,13.8,0,0,0,2,0,115.5,0,2,0,20,0,43.57,0,0,1,0,0,0,0,1,0
0,0,4545.47,91440,0,107327,0,6.8,0,0,0,0,0,180.0,1,1,0,6,0,30.54,0,0,0,0,1,0,0,1,0
0,0,35158.26,57935,0,72768,0,9.0,0,0,0,2,0,188.3,0,0,0,21,1,33.03,0,0,0,1,0,0,0,1,0
1,29133.0,35242.37,88996,0,94769,0,9.8,0,0,0,0,0,159.5,0,2,0,33,0,23.12,0,0,0,0,1,0,0,0,1
1,12796.54,9763.2,44988,0,152002,0,17.9,0,1,0,1,0,154.8,0,1,0,26,0,19.19,0,0,1,0,0,0,0,1,0
1,15171.7,17811.0,33200,0,124320,0,12.2,0,0,0,1,0,130.9,0,0,0,25,0,18.1,0,1,0,0,0,0,0,1,0
0,0,37128.31,87020,0,78912,0,7.0,0,0,0,0,0,328.1,0,7,0,12,0,36.78,0,0,0,0,0,1,0,1,0
0,0,3229.45,100734,0,12938,0,8.8,0,1,0,1,0,184.0,0,2,0,9,0,26.78,0,0,0,0,0,1,0,0,1
0,0,8966.11,66772,0,68513,0,7.1,0,0,1,0,0,259.2,0,2,0,29,0,33.0,1,0,0,0,0,1,0,0,1
0,0,39502.09,46571,0,183847,0,9.6,0,0,1,0,0,116.0,0,1,0,25,0,43.87,0,1,0,0,0,0,0,1,0
0,0,33344.58,107662,0,112087,0,13.0,0,1,0,2,0,312.4,0,3,0,23,0,40.36,0,1,0,0,0,0,0,0,1
0,0,10731.66,82898,0,118574,0,5.3,0,1,0,2,0,180.0,1,0,0,10,0,49.08,0,0,1,0,0,0,0,0,1
1,555.97,28349.85,64683,0,109509,0,14.7,0,0,0,1,0,303.1,0,4,0,28,0,26.4,0,1,0,0,0,0,0,1,0
0,0,11187.39,73000,1,38446,0,2.0,0,1,0,2,0,180.0,1,0,0,26,0,33.0,1,0,0,0,1,0,0,1,0
0,0,36910.06,49033,0,88979,0,5.9,0,0,0,0,0,224.9,0,4,0,27,0,42.22,0,0,0,1,0,0,0,0,1
0,0,31644.59,45350,0,76347,0,3.4,0,0,0,0,0,121.6,0,5,0,35,0,33.0,1,0,0,0,1,0,0,1,0
0,0,35559.34,51826,0,92248,0,2.2,0,0,0,0,0,190.6,0,0,0,9,0,33.0,1,0,1,0,0,0,0,0,1
0,0,39527.81,0,0,38820,0,7.4,0,0,0,2,0,95.6,0,1,0,35,0,33.0,1,0,0,1,0,0,0,1,0
0,0,13468.67,50089,0,122059,0,12.9,0,1,0,1,0,203.8,0,3,0,14,0,18.14,0,1,0,0,0,0,0,0,1
0,0,16209.48,132076,0,47164,0,13.6,0,0,0,0,0,187.6,0,1,0,2,0,15.97,0,0,0,0,0,0,1,1,0
1,12658.47,17715.9,54454,0,115530,0,13.9,0,0,0,2,0,37.9,0,3,0,44,0,33.0,1,1,0,0,0,0,0,1,0
1,16824.41,1794.82,69959,0,147982,0,16.4,0,0,0,0,0,179.5,0,0,0,23,0,34.15,0,0,0,0,0,0,1,1,0
1,3577.48,27933.96,62554,0,163098,0,16.2,0,2,0,2,0,106.4,0,2,0,32,0,20.95,0,0,0,0,0,0,1,1,0
0,0,29618.02,16454,0,90708,0,21.6,0,0,0,1,0,197.6,0,1,0,8,0,33.0,1,0,0,1,0,0,0,1,0
0,0,14838.17,71300,0,137399,0,1.1,0,0,0,0,0,240.0,0,1,1,10,0,28.07,0,0,0,1,0,0,0,0,1
0,0,14406.54,89882,0,61178,0,7.0,0,0,0,2,0,304.0,0,0,0,19,0,43.53,0,1,0,0,0,0,0,1,0
0,0,15074.36,52756,0,167837,0,14.5,0,0,0,0,1,140.5,0,0,0,22,0,33.0,1,0,0,0,1,0,0,1,0
0,0,27771.59,57966,0,142163,0,6.8,0,0,0,0,0,193.4,0,0,0,12,0,33.0,1,0,0,0,0,0,1,1,0
0,0,9103.73,87253,0,165165,0,9.5,0,0,0,0,0,239.6,0,0,0,25,0,24.68,0,0,0,0,1,0,0,1,0
0,0,26257.75,31371,0,109022,0,6.6,0,0,0,0,0,130.4,0,0,0,21,1,33.13,0,0,0,1,0,0,0,0,1
1,12151.48,9928.05,36644,0,21596,0,10.2,0,0,0,1,0,271.7,0,3,0,21,0,24.95,0,1,0,0,0,0,0,1,0
0,0,28053.27,50074,0,206336,0,3.2,0,0,0,0,0,237.9,0,0,0,18,0,33.45,0,0,1,0,0,0,0,0,1
0,0,37179.24,16991,0,93685,0,5.6,0,0,0,1,0,400.9,0,4,0,35,0,43.17,0,0,0,0,0,1,0,0,1
0,0,19817.48,29481,0,109634,0,0.4,0,0,1,1,0,14.8,0,1,0,22,0,22.7,0,0,0,0,1,0,0,0,1
0,0,22524.78,44721,0,62896,0,10.7,0,0,0,0,1,175.6,0,0,0,11,0,20.29,0,1,0,0,0,0,0,1,0
0,0,24017.04,128642,0,34088,0,1.8,0,1,0,1,0,258.9,0,0,0,7,0,37.96,0,0,0,0,0,0,1,0,1
0,0,2400.06,73000,1,32146,0,2.6,0,0,0,1,0,57.3,0,1,1,23,0,33.0,1,0,0,0,0,1,0,0,1
0,0,31908.26,80818,0,116994,0,9.9,0,2,0,0,1,245.2,0,3,0,12,0,26.98,0,0,0,0,1,0,0,0,1
0,0,12782.75,116925,0,113922,0,6.4,0,0,1,2,0,171.4,0,1,0,43,0,30.1,0,0,0,1,0,0,0,1,0
0,0,14740.52,36584,0,53567,0,1.8,0,0,0,0,0,121.9,0,1,0,17,0,34.92,0,0,0,1,0,0,0,0,1
0,0,11021.83,92015,0,19971,0,10.4,0,2,0,2,0,267.1,0,0,0,24,0,33.0,1,0,0,0,0,1,0,1,0
0,0,27240.31,48144,0,48315,0,9.0,1,1,0,0,0,108.9,0,3,0,1,0,45.35,0,0,0,0,1,0,0,1,0
1,12688.48,35603.11,147441,0,36772,0,12.0,0,0,0,1,0,260.1,0,2,0,30,0,34.57,0,0,0,0,0,0,1,0,1
0,0,39135.86,58573,0,77581,0,11.7,0,0,0,1,0,328.1,0,2,0,18,0,33.0,1,0,1,0,0,0,0,1,0
0,0,6754.61,75445,0,99016,0,12.6,0,1,0,1,0,182.4,0,1,1,27,0,19.94,0,0,0,1,0,0,0,1,0
0,0,9640.44,62200,0,86968,0,6.2,0,0,0,0,0,143.7,0,2,0,28,0,33.0,1,0,0,0,0,1,0,0,1
0,0,24298.28,59784,0,152297,0,16.7,0,1,0,1,0,112.6,0,2,0,12,0,30.65,0,0,0,0,0,0,1,0,1
1,7337.54,33439.1,101347,0,161575,0,15.5,0,0,0,0,0,103.8,0,3,0,16,0,12.32,0,0,0,0,0,0,1,0,1
0,0,5220.52,59990,0,49617,0,17.8,0,1,0,0,0,167.8,0,1,0,20,0,38.02,0,0,0,1,0,0,0,0,1
1,4940.2,34924.65,35982,0,82566,0,20.4,0,1,0,0,0,248.7,0,1,1,19,0,24.16,0,0,0,0,0,0,1,0,1
0,0,18239.72,63270,0,175670,0,6.8,0,1,0,1,0,180.0,1,1,0,28,0,32.53,0,0,1,0,0,0,0,1,0
0,0,28443.18,77395,0,141770,0,2.0,0,0,0,0,0,81.4,0,0,0,23,0,34.09,0,0,0,0,0,1,0,0,1
0,0,36871.02,138638,0,146654,0,2.1,0,0,0,0,0,224.7,0,0,0,20,0,39.17,0,0,1,0,0,0,0,0,1
1,9433.29,24493.56,6302,0,85279,0,5.4,0,0,0,0,0,69.0,0,0,0,17,0,29.72,0,1,0,0,0,0,0,0,1
0,0,13105.91,103307,0,180583,0,13.6,0,1,0,0,0,38.1,0,0,0,26,0,22.19,0,0,1,0,0,0,0,1,0
0,0,32627.71,73000,1,0,0,19.6,0,1,0,0,0,128.5,0,1,1,6,0,29.37,0,0,0,0,1,0,0,0,1
0,0,34211.08,103836,0,80476,0,6.6,0,1,0,0,0,272.0,0,3,0,15,0,27.4,0,0,0,0,0,0,1,1,0
0,0,17512.85,48468,0,133592,0,16.6,0,0,0,2,0,256.4,0,1,1,3,0,33.43,0,0,1,0,0,0,0,1,0
0,0,31072.81,51910,0,125438,0,15.5,0,0,0,1,0,80.3,0,2,0,2,0,35.94,0,0,0,0,1,0,0,0,1
0,0,31346.84,31345,0,100144,0,9.0,1,0,0,0,0,323.5,0,2,0,24,0,33.0,1,0,1,0,0,0,0,0,1
0,0,37288.41,66679,0,66345,0,9.0,1,0,1,1,0,180.0,1,2,0,2,0,35.6,0,0,0,0,0,1,0,1,0
0,0,1741.15,77875,0,126017,0,1.7,0,1,0,1,0,301.0,0,2,0,11,0,21.65,0,1,0,0,0,0,0,0,1
0,0,17246.14,44067,0,205771,0,18.7,0,0,0,0,0,61.3,0,2,0,39,0,34.44,0,0,0,0,0,0,1,1,0
0,0,29672.29,67030,0,112771,0,14.5,0,1,0,0,1,65.7,0,1,1,23,0,50.98,0,0,0,0,0,1,0,0,1
0,0,30378.35,97231,0,52179,0,18.5,0,1,0,1,0,246.3,0,0,0,0,0,33.28,0,0,0,0,0,0,1,0,1
1,10238.05,24495.68,95054,0,50227,0,5.8,0,0,0,0,1,106.5,0,0,0,49,0,35.99,0,0,0,1,0,0,0,1,0
0,0,6568.4,73000,1,51914,0,10.2,0,0,0,0,0,101.4,0,1,0,8,0,33.0,1,0,0,0,0,0,1,1,0
0,0,16092.51,48525,0,98417,0,14.4,0,0,0,3,0,236.1,0,0,0,34,0,39.35,0,0,0,1,0,0,0,1,0
0,0,12324.13,65769,0,126059,0,12.0,0,1,0,1,0,119.7,0,0,0,16,0,35.2,0,0,0,0,0,0,1,0,1
0,0,30997.42,63192,0,208852,0,17.4,0,0,0,0,0,145.6,0,0,0,24,0,33.0,1,0,1,0,0,0,0,1,0
0,0,28663.95,19019,0,189135,0,9.0,0,1,0,0,0,279.2,0,2,0,19,0,20.85,0,1,0,0,0,0,0,1,0
1,13335.01,26016.7,25808,0,56298,0,0.7,0,0,0,0,0,27.3,0,2,0,24,0,34.24,0,0,0,1,0,0,0,0,1
0,0,34570.32,125379,0,130487,0,13.9,0,0,0,0,1,159.1,0,3,0,25,0,29.47,0,0,0,1,0,0,0,1,0
0,0,20432.36,26189,0,96114,0,16.8,0,0,0,0,0,201.9,0,0,0,12,0,17.98,0,0,0,0,1,0,0,0,1
1,9599.76,2995.15,107805,0,76878,0,13.4,0,0,0,0,0,206.5,0,2,0,12,0,30.29,0,1,0,0,0,0,0,1,0
0,0,32354.67,79659,0,157448,0,20.9,0,0,0,1,0,95.9,0,0,0,21,1,29.5,0,1,0,0,0,0,0,0,1
0,0,32073.44,73000,1,33138,0,21.0,0,0,0,0,0,69.3,0,0,0,8,0,33.0,1,1,0,0,0,0,0,0,1
0,0,6905.82,92181,0,35279,0,15.5,0,0,0,0,0,123.1,0,3,0,31,0,48.63,0,0,0,0,0,0,1,0,1
0,0,8498.3,74118,0,158496,0,7.3,0,1,0,0,0,251.8,0,1,0,26,0,47.66,0,0,1,0,0,0,0,0,1
1,7720.25,38257.23,73000,1,159386,0,4.3,0,1,0,0,0,288.1,0,1,1,27,0,33.0,1,0,0,0,0,0,1,1,0
1,13755.47,22463.75,112599,0,13268,0,18.0,0,1,0,3,0,210.8,0,1,0,17,0,33.0,1,1,0,0,0,0,0,0,1
0,0,8266.15,56231,0,126855,0,4.8,0,0,0,0,0,114.6,0,0,0,13,0,32.83,0,0,0,0,0,0,1,0,1
0,0,29025.33,109130,0,104606,0,12.4,0,1,0,0,0,213.3,0,3,0,21,1,26.52,0,0,0,1,0,0,0,0,1
0,0,23342.22,102073,0,80010,0,13.0,0,1,0,2,0,196.2,0,0,0,16,0,37.18,0,0,0,0,1,0,0,0,1
0,0,22420.15,24156,0,111186,0,9.2,0,0,1,0,1,223.5,0,3,0,26,0,37.2,0,1,0,0,0,0,0,1,0
0,0,20064.29,101840,0,86658,0,9.8,0,0,0,0,0,180.0,1,1,0,30,0,36.72,0,1,0,0,0,0,0,1,0
0,0,19410.78,67181,0,128582,0,6.7,0,0,0,0,0,240.3,0,5,0,16,0,51.48,0,0,1,0,0,0,0,1,0
0,0,30491.0,158279,0,31218,0,11.6,0,0,0,2,0,180.0,1,0,0,3,0,20.59,0,1,0,0,0,0,0,1,0
0,0,18411.2,34818,0,20456,0,0.9,0,1,0,2,0,387.9,0,0,0,15,0,34.34,0,0,0,0,0,1,0,1,0
0,0,11731.0,154495,0,39475,0,2.8,0,0,0,0,0,103.9,0,3,0,19,0,37.85,0,0,1,0,0,0,0,0,1
0,0,6629.72,59589,0,104570,0,2.2,0,0,0,1,0,224.3,0,1,0,18,0,36.01,0,0,0,0,0,1,0,1,0
0,0,34909.48,76824,0,108624,0,8.7,0,3,0,3,0,134.4,0,0,0,23,0,25.27,0,0,0,1,0,0,0,0,1
0,0,20393.81,164880,0,174727,0,14.8,0,0,0,1,0,227.0,0,0,0,16,0,21.97,0,0,0,0,0,0,1,0,1
0,0,33042.09,124893,0,68115,0,2.7,0,1,0,2,0,62.4,0,1,1,35,0,17.17,0,0,0,0,1,0,0,1,0
0,0,10025.9,71559,0,95121,0,1.3,0,0,0,0,0,180.0,1,0,0,21,1,37.63,0,0,1,0,0,0,0,1,0
0,0,21451.03,17762,0,75946,0,5.4,0,2,0,2,0,156.6,0,1,1,21,1,32.39,0,0,0,0,1,0,0,0,1
1,6431.93,1368.56,95325,0,147640,0,3.7,0,0,0,1,0,195.5,0,1,1,21,0,33.0,1,0,0,1,0,0,0,1,0
0,0,23894.41,73895,0,29934,0,11.7,0,1,0,1,0,133.8,0,4,0,20,0,41.09,0,0,0,1,0,0,0,0,1
0,0,13728.69,87195,0,111304,0,1.5,0,0,0,1,0,189.9,0,1,1,20,0,33.0,1,0,0,0,1,0,0,0,1
0,0,4569.3,113632,0,83878,0,15.3,0,1,0,1,0,202.3,0,1,1,2,0,35.34,0,0,1,0,0,0,0,1,0
0,0,7610.57,9816,0,98083,0,12.9,0,0,0,2,0,161.9,0,0,0,22,0,33.7,0,0,0,0,1,0,0,0,1
0,0,17794.03,98874,0,42549,0,0.4,0,0,0,0,0,224.5,0,4,0,17,0,34.7,0,0,1,0,0,0,0,1,0
0,0,22453.87,35842,0,32399,0,11.6,0,0,0,0,0,59.6,0,1,0,17,0,19.22,0,0,0,0,1,0,0,0,1
0,0,37016.33,73000,1,66779,0,5.2,0,0,0,1,0,220.7,0,0,0,13,0,40.03,0,1,0,0,0,0,0,1,0
1,5199.36,9658.04,65567,0,36857,0,5.2,0,0,0,1,0,277.6,0,1,0,37,0,40.75,0,0,0,0,0,1,0,0,1
0,0,4807.3,131417,0,84962,0,9.8,0,0,1,1,0,306.3,0,0,0,16,0,40.37,0,0,0,0,0,0,1,1,0
1,4888.31,26635.01,21168,0,145889,0,8.4,0,0,0,0,0,34.8,0,0,0,19,0,28.57,0,0,0,1,0,0,0,0,1
0,0,23893.18,28379,0,172022,0,7.4,0,0,1,1,0,211.7,0,0,0,10,0,29.18,0,0,0,0,0,0,1,1,0
0,0,20096.04,90114,0,81548,0,16.0,0,1,0,0,0,80.7,0,1,0,27,0,33.0,1,0,1,0,0,0,0,0,1
1,2296.19,9768.89,56235,0,177093,0,0.6,0,0,0,0,0,110.3,0,1,0,10,0,31.98,0,1,0,0,0,0,0,0,1
0,0,34625.79,141426,0,147830,0,11.9,0,2,0,0,0,122.6,0,2,0,4,0,29.01,0,0,0,1,0,0,0,0,1
0,0,38143.5,59113,0,167946,0,1.4,0,0,0,1,0,166.4,0,0,0,21,0,33.0,1,0,0,0,0,0,1,0,1
0,0,15631.72,136306,0,137580,0,9.0,0,0,0,0,0,188.4,0,5,0,36,0,41.39,0,0,0,0,1,0,0,1,0
0,0,13591.74,15356,0,78237,0,7.9,0,0,1,0,0,188.0,0,1,0,0,0,39.69,0,0,1,0,0,0,0,0,1
1,10258.42,37376.3,64231,0,165868,0,12.5,0,0,0,0,0,121.0,0,3,0,21,0,32.53,0,1,0,0,0,0,0,0,1
0,0,19630.31,75282,0,120297,0,5.0,0,1,0,1,0,93.6,0,0,0,16,0,36.06,0,0,0,0,0,1,0,0,1
0,0,4380.83,137656,0,101923,0,0.3,0,0,0,0,1,71.3,0,0,0,14,0,18.55,0,0,0,0,0,1,0,1,0
0,0,12526.14,153479,0,133319,0,15.3,0,1,0,3,0,145.0,0,3,0,11,0,34.59,0,1,0,0,0,0,0,1,0
1,2280.85,9413.97,0,0,143998,0,6.8,0,0,0,0,0,132.4,0,1,1,45,0,22.68,0,0,0,0,0,0,1,1,0
0,0,18061.96,37911,0,103404,0,14.2,0,0,0,0,0,186.1,0,1,1,12,0,33.17,0,0,0,1,0,0,0,1,0
0,0,30241.28,118514,0,48796,0,5.2,0,1,0,2,0,161.3,0,4,0,28,0,35.48,0,1,0,0,0,0,0,1,0
0,0,1100.17,0,0,114766,0,9.2,0,0,1,3,0,152.2,0,0,0,29,0,29.46,0,1,0,0,0,0,0,1,0
1,7083.16,32369.18,73000,1,87985,0,6.3,0,2,0,1,0,182.8,0,0,0,13,0,33.75,0,0,1,0,0,0,0,1,0
1,18464.59,16991.41,76934,0,142266,0,9.4,0,0,0,0,0,140.6,0,1,0,21,0,48.04,0,0,0,0,0,1,0,0,1
0,0,15527.19,89635,0,97982,0,10.2,0,0,0,1,0,166.1,0,2,0,6,0,33.0,1,0,0,0,0,1,0,1,0
1,6559.22,7410.62,88611,0,54586,0,13.8,0,0,1,1,0,117.8,0,1,1,26,0,26.88,0,0,0,0,0,0,1,0,1
0,0,39636.39,73000,1,60273,0,13.3,0,0,0,0,1,297.0,0,0,0,11,0,41.12,0,0,0,1,0,0,0,1,0
1,15487.69,3514.41,108427,0,72988,0,9.0,1,0,0,1,0,276.6,0,4,0,24,0,35.49,0,1,0,0,0,0,0,1,0
0,0,20456.77,73000,1,66481,0,0.2,0,1,0,0,1,176.0,0,1,0,10,0,26.54,0,1,0,0,0,0,0,0,1
0,0,2142.83,58873,0,85194,0,21.5,0,0,0,0,0,185.8,0,3,0,23,0,13.63,0,0,0,0,1,0,0,0,1
0,0,39670.13,86554,0,130337,0,3.1,0,1,0,0,0,160.6,0,3,0,0,0,35.64,0,1,0,0,0,0,0,0,1
1,9961.46,36797.95,76214,0,149781,0,17.1,0,0,0,1,0,205.1,0,0,0,4,0,33.0,1,0,1,0,0,0,0,0,1
0,0,38465.82,93531,0,155313,0,25.4,0,0,0,0,0,134.6,0,4,0,44,0,26.83,0,0,0,0,0,1,0,1,0
1,19928.83,13410.46,92861,0,43306,0,9.0,1,0,0,0,0,289.5,0,0,0,21,1,36.08,0,1,0,0,0,0,0,1,0
1,14355.94,18090.59,51882,0,114129,0,5.0,0,1,0,0,0,112.5,0,1,1,19,0,38.79,0,0,1,0,0,0,0,1,0
0,0,36026.84,117779,0,134365,0,25.4,0,1,0,1,0,212.8,0,0,0,6,0,33.0,1,0,0,0,0,1,0,0,1
1,15333.76,15072.33,101884,0,82688,0,18.9,0,1,0,0,1,220.6,0,0,0,19,0,33.0,1,0,0,0,1,0,0,1,0
0,0,19137.26,47687,0,99132,0,11.5,0,1,0,1,0,88.8,0,0,0,10,0,37.85,0,0,1,0,0,0,0,0,1
0,0,16397.37,79462,0,91498,0,9.0,0,0,0,0,0,245.3,0,1,1,24,0,33.0,1,0,0,0,0,1,0,0,1
0,0,29357.02,144017,0,150007,0,13.6,0,0,1,0,0,53.6,0,0,0,9,0,33.0,1,1,0,0,0,0,0,1,0
0,0,34831.54,132846,0,37884,0,1.9,0,0,0,0,0,93.1,0,1,1,10,0,32.1,0,0,0,1,0,0,0,0,1
0,0,20173.15,111350,0,174981,0,17.2,0,0,0,1,0,146.5,0,0,0,20,0,19.52,0,0,0,0,0,1,0,1,0
1,6945.31,28673.21,15785,0,145705,0,15.6,0,0,1,1,0,185.6,0,0,0,29,0,30.5,0,0,0,0,1,0,0,1,0
0,0,19508.71,38148,0,87896,0,9.0,1,0,1,1,0,62.5,0,1,0,28,0,46.79,0,0,0,0,1,0,0,1,0
0,0,24444.54,73000,1,99778,0,21.7,0,0,0,0,0,178.8,0,3,0,17,0,35.24,0,0,0,1,0,0,0,0,1
0,0,5216.08,182902,0,153435,0,8.2,0,2,0,1,0,297.1,0,2,0,8,0,30.9,0,0,0,1,0,0,0,0,1
0,0,29732.55,15560,0,183757,0,8.6,0,0,0,0,0,134.7,0,2,0,13,0,30.61,0,0,0,0,0,0,1,1,0
0,0,36084.06,56976,0,74675,0,3.8,0,1,0,0,1,189.6,0,0,0,14,0,41.82,0,0,0,0,1,0,0,1,0
0,0,6880.36,114324,0,27945,0,26.3,0,1,0,0,1,56.1,0,1,1,14,0,34.63,0,0,1,0,0,0,0,0,1
0,0,31410.35,102317,0,135860,0,8.3,0,0,0,2,0,124.7,0,1,0,21,0,33.0,1,0,0,0,0,1,0,0,1
1,10200.06,33129.91,48842,0,82580,0,19.9,0,2,0,0,0,145.2,0,2,0,15,0,33.0,1,0,1,0,0,0,0,1,0
0,0,26371.07,73000,1,125695,0,9.0,1,1,0,0,1,147.4,0,0,0,15,0,33.74,0,0,0,1,0,0,0,0,1
0,0,26836.84,66169,0,161905,0,17.8,0,0,1,1,0,215.0,0,0,0,20,0,33.0,1,0,0,0,1,0,0,0,1
0,0,1497.23,73000,1,146204,0,14.8,0,0,0,0,0,122.1,0,0,0,38,0,37.54,0,0,0,1,0,0,0,0,1
0,0,5520.14,73000,1,24900,0,5.2,0,0,0,0,0,317.2,0,2,0,28,0,29.64,0,0,1,0,0,0,0,1,0
1,8978.5,29330.03,30588,0,112765,0,6.3,0,0,0,0,0,50.4,0,0,0,30,0,27.22,0,0,0,0,0,0,1,0,1
1,10303.24,34864.96,78269,0,98109,0,2.2,0,1,0,0,0,55.1,0,2,0,17,0,29.48,0,0,1,0,0,0,0,0,1
0,0,34907.21,73000,1,67636,0,9.0,1,0,0,2,0,32.2,0,2,0,16,0,34.31,0,1,0,0,0,0,0,0,1
0,0,22728.11,90463,0,101021,0,6.2,0,1,0,0,1,155.2,0,0,0,25,0,33.0,1,0,0,0,0,0,1,1,0
1,5702.13,14850.42,20033,0,118487,0,0.6,0,1,0,0,0,125.2,0,2,0,25,0,33.0,1,1,0,0,0,0,0,1,0
0,0,18569.68,130285,0,124289,0,8.0,0,2,0,1,0,11.3,0,1,0,20,0,28.84,0,0,0,1,0,0,0,0,1
0,0,24750.75,62322,0,69199,0,5.5,0,2,0,1,0,113.3,0,0,0,36,0,36.17,0,0,0,0,0,0,1,1,0
0,0,26353.37,134306,0,31739,0,8.7,0,0,0,1,0,57.4,0,3,0,31,0,33.0,1,0,1,0,0,0,0,1,0
0,0,8796.19,73028,0,74342,0,14.7,0,0,0,2,0,211.4,0,1,0,1,0,34.09,0,0,0,1,0,0,0,1,0
0,0,16114.63,142848,0,139518,0,9.0,1,0,0,2,0,270.2,0,0,0,21,0,22.94,0,0,1,0,0,0,0,0,1
0,0,39354.68,164477,0,153004,0,14.5,0,0,0,0,0,172.6,0,5,0,27,0,22.14,0,0,0,0,0,1,0,0,1
1,9248.46,28599.58,18434,0,153588,0,6.7,0,0,0,0,0,140.5,0,0,0,13,0,26.86,0,0,0,1,0,0,0,0,1
0,0,26048.31,57076,0,101498,0,11.0,0,0,0,0,0,281.3,0,2,0,9,0,32.49,0,0,0,1,0,0,0,1,0
0,0,7528.4,73000,1,85830,0,3.2,0,0,0,1,0,244.2,0,2,0,7,0,38.04,0,1,0,0,0,0,0,1,0
1,19290.02,31974.38,109487,0,72177,0,6.7,0,0,1,0,0,61.2,0,1,0,8,0,26.63,0,0,0,1,0,0,0,1,0
0,0,37140.94,116504,0,105930,0,7.4,0,0,0,0,0,132.4,0,0,0,31,0,33.0,1,0,0,0,0,1,0,1,0
1,1620.0,1196.16,32228,0,69125,0,8.8,0,0,0,0,0,99.1,0,2,0,15,0,42.36,0,0,0,0,0,1,0,0,1
0,0,3852.64,58643,0,70868,0,15.3,0,0,0,0,0,211.6,0,0,0,34,0,19.74,0,0,1,0,0,0,0,1,0
0,0,31640.74,43375,0,78061,0,4.6,0,0,0,1,0,139.3,0,1,1,17,0,33.0,1,0,0,0,0,0,1,1,0
0,0,35792.1,106109,0,49452,0,9.0,1,0,0,1,0,114.6,0,0,0,34,0,33.0,1,0,0,1,0,0,0,1,0
0,0,34071.29,108165,0,80564,0,6.2,0,1,0,3,0,171.4,0,0,0,17,0,33.0,1,0,1,0,0,0,0,0,1
0,0,36798.18,81397,0,92300,0,18.7,0,0,0,0,0,127.6,0,1,1,10,0,38.6,0,0,0,1,0,0,0,0,1
0,0,35599.71,73000,1,136741,0,3.9,0,0,0,1,0,231.1,0,0,0,32,0,40.84,0,0,0,0,0,0,1,0,1
1,16911.81,2682.63,51771,0,89116,0,6.9,0,0,0,2,0,180.0,1,1,0,7,0,9.15,0,0,1,0,0,0,0,1,0
0,0,24432.71,93510,0,20858,0,8.0,0,2,0,0,0,146.9,0,2,0,40,0,35.12,0,0,0,0,0,1,0,1,0
0,0,21725.77,87534,0,156043,0,14.7,0,2,0,0,0,27.8,0,3,0,32,0,29.54,0,0,0,0,0,0,1,1,0
0,0,10926.2,73000,1,2717,0,9.0,1,0,0,2,0,184.6,0,2,0,38,0,23.51,0,0,0,0,0,1,0,0,1
0,0,24863.35,96778,0,76717,0,11.8,0,1,0,2,0,50.5,0,0,0,24,0,29.96,0,0,1,0,0,0,0,1,0
0,0,16621.88,46313,0,149351,0,9.0,1,0,1,2,0,333.5,0,1,1,25,0,43.99,0,0,0,0,0,0,1,1,0
0,0,32988.92,67616,0,72988,0,10.8,0,0,0,1,0,180.0,1,2,0,27,0,33.01,0,0,0,1,0,0,0,0,1
0,0,8812.1,135092,0,107765,0,7.7,0,0,0,1,0,124.2,0,1,0,22,0,24.17,0,1,0,0,0,0,0,0,1
0,0,32712.75,55962,0,60791,0,8.1,0,0,0,0,0,162.9,0,1,1,0,0,13.89,0,0,0,1,0,0,0,0,1
0,0,21143.66,148434,0,106191,0,9.0,1,0,0,0,0,191.7,0,4,0,16,0,37.06,0,0,1,0,0,0,0,1,0
0,0,10738.12,134994,0,112904,0,11.8,0,0,0,0,0,274.1,0,2,0,42,0,31.43,0,0,0,0,0,1,0,0,1
0,0,30256.61,106837,0,140651,0,15.3,0,0,0,0,0,191.4,0,4,0,22,0,33.0,1,0,0,1,0,0,0,1,0
0,0,38382.55,133808,0,120066,0,15.7,0,0,0,1,0,308.3,0,1,0,25,0,33.0,1,0,0,0,0,0,1,1,0
0,0,1379.95,54064,0,112448,0,3.0,0,0,0,0,1,159.4,0,1,0,28,0,32.79,0,0,0,0,0,1,0,0,1
0,0,17058.68,41993,0,74720,0,0.4,0,0,0,0,0,33.6,0,1,1,13,0,27.15,0,0,0,0,0,0,1,0,1
0,0,24880.1,73000,1,156253,0,5.0,0,1,0,0,0,288.5,0,1,0,9,0,35.52,0,0,0,1,0,0,0,1,0
0,0,16484.78,56601,0,147983,0,5.9,0,0,1,0,0,349.9,0,3,0,20,0,24.37,0,0,1,0,0,0,0,1,0
1,7275.18,14916.81,141875,0,55355,0,17.1,0,0,0,0,0,152.2,0,3,0,14,0,40.71,0,1,0,0,0,0,0,0,1
0,0,17075.95,76254,0,106439,0,12.8,0,1,0,0,0,187.2,0,2,0,8,0,39.23,0,0,1,0,0,0,0,1,0
0,0,26193.64,149637,0,104359,0,11.8,0,1,0,0,0,117.6,0,0,0,26,0,34.81,0,0,0,0,1,0,0,0,1
0,0,20187.84,63131,0,124349,0,14.6,0,0,0,0,1,181.9,0,0,0,29,0,33.0,1,0,1,0,0,0,0,1,0
0,0,16304.45,63400,0,140865,0,22.5,0,2,0,1,0,243.3,0,1,0,21,0,33.0,1,0,0,0,1,0,0,0,1
0,0,7185.85,63989,0,27331,0,3.1,0,0,1,0,0,18.1,0,4,0,23,0,33.91,0,0,0,0,0,0,1,0,1
0,0,7044.69,178253,0,101425,0,17.2,0,0,1,0,0,239.8,0,3,0,16,0,42.34,0,0,0,0,1,0,0,1,0
1,14471.24,15732.99,73000,1,67253,0,0.8,0,0,0,0,0,159.7,0,0,0,9,0,18.94,0,0,0,0,1,0,0,1,0
0,0,20732.35,64508,0,8285,0,9.0,1,0,0,1,0,130.0,0,2,0,28,0,33.0,1,0,1,0,0,0,0,1,0
0,0,8881.08,106358,0,148633,0,14.3,0,0,0,0,0,154.4,0,1,0,0,0,33.91,0,1,0,0,0,0,0,0,1
0,0,37591.51,39840,0,122762,0,9.0,1,0,0,0,1,106.3,0,0,0,20,0,29.46,0,0,0,0,1,0,0,1,0
0,0,23485.98,55205,0,87049,0,1.9,0,0,0,0,0,19.8,0,0,0,40,0,32.69,0,0,0,0,0,0,1,0,1
0,0,22962.64,88313,0,175703,0,16.4,0,0,0,2,0,167.8,0,1,0,29,0,47.72,0,0,0,1,0,0,0,1,0
1,9962.61,18954.42,83101,0,92116,0,23.6,0,0,0,2,0,246.6,0,2,0,34,0,33.0,1,0,0,0,0,1,0,0,1
1,11352.51,3180.99,64395,0,53119,0,19.5,0,1,0,0,0,327.0,0,1,0,33,0,35.55,0,0,0,0,0,0,1,0,1
0,0,30360.77,85664,0,141394,0,13.0,0,0,0,1,0,173.2,0,3,0,22,0,23.86,0,0,0,0,0,1,0,1,0
0,0,39886.07,43547,0,95912,0,5.3,0,0,0,0,0,221.4,0,1,0,15,0,36.64,0,0,1,0,0,0,0,1,0
0,0,7083.66,20161,0,164345,0,14.9,0,1,0,2,0,204.3,0,0,0,21,0,27.49,0,0,0,0,0,1,0,0,1
0,0,39699.78,52897,0,38093,0,9.0,1,0,0,0,0,116.2,0,3,0,27,0,30.56,0,0,0,0,0,0,1,0,1
0,0,15847.35,87711,0,132753,0,12.6,0,1,0,1,0,243.5,0,1,0,16,0,35.9,0,0,0,0,0,0,1,0,1
0,0,39151.53,0,0,100353,0,9.0,1,0,0,0,0,227.9,0,3,0,26,0,28.95,0,0,1,0,0,0,0,0,1
0,0,36479.68,52614,0,71444,0,7.8,0,1,0,0,0,134.7,0,1,0,35,0,47.71,0,0,0,0,0,1,0,1,0
1,5912.43,33741.38,78972,0,109721,0,14.8,0,0,0,0,0,74.5,0,1,0,23,0,24.32,0,0,1,0,0,0,0,1,0
0,0,27837.51,26255,0,108787,0,0.6,0,1,0,0,0,180.0,1,1,0,31,0,33.14,0,0,0,0,1,0,0,0,1
0,0,34804.22,58220,0,31062,0,14.3,0,0,0,0,0,61.4,0,1,1,30,0,38.61,0,0,1,0,0,0,0,0,1
0,0,2530.81,21252,0,150786,0,4.5,0,1,0,1,0,241.4,0,3,0,15,0,27.96,0,0,0,0,0,0,1,1,0
0,0,13614.98,73000,1,9163,0,13.3,0,1,0,1,0,251.1,0,4,0,18,0,30.48,0,0,0,0,0,1,0,1,0
0,0,15843.67,83102,0,2381,0,17.3,0,2,0,0,0,215.4,0,1,0,17,0,28.61,0,0,0,0,1,0,0,1,0
0,0,20245.21,51725,0,74345,0,2.5,0,2,0,0,0,204.7,0,1,1,21,1,36.64,0,0,0,0,0,1,0,0,1
0,0,4420.4,171735,0,191591,0,3.2,0,0,0,2,0,180.0,1,1,0,12,0,33.0,1,0,0,0,1,0,0,1,0
1,1183.96,34516.91,0,0,74539,0,9.0,1,0,0,0,1,161.2,0,0,0,4,0,39.87,0,0,0,0,0,1,0,0,1
0,0,25642.45,8988,0,127305,0,17.7,0,0,0,0,0,268.1,0,0,0,15,0,33.0,1,0,1,0,0,0,0,0,1
0,0,3645.61,57294,0,155053,0,5.5,0,1,0,1,0,131.4,0,1,1,22,0,37.98,0,0,0,1,0,0,0,0,1
0,0,17144.17,109821,0,120343,0,3.9,0,0,0,0,0,240.6,0,0,0,49,0,37.46,0,0,0,0,0,1,0,0,1
1,10595.25,5556.94,79931,0,63159,0,8.6,0,1,0,1,0,116.6,0,1,0,23,0,18.68,0,0,1,0,0,0,0,1,0
0,0,19855.41,97211,0,73377,0,25.2,0,2,0,0,0,202.3,0,1,1,27,0,37.99,0,1,0,0,0,0,0,0,1
1,13609.16,30581.26,47036,0,108516,0,13.5,0,0,0,0,0,341.2,0,4,0,9,0,30.33,0,0,1,0,0,0,0,1,0
0,0,35797.48,23718,0,111366,0,9.0,1,0,0,1,0,272.9,0,0,0,15,0,38.66,0,0,0,0,0,1,0,1,0
0,0,30473.97,52226,0,106117,0,1.4,0,0,0,0,0,193.3,0,0,0,6,0,25.83,0,0,0,0,1,0,0,0,1
1,16825.23,19538.04,12245,0,74271,0,10.0,0,1,0,1,0,123.5,0,3,0,13,0,37.82,0,0,0,1,0,0,0,1,0
0,0,24047.84,66572,0,28263,0,13.9,0,0,0,0,0,66.6,0,1,0,24,0,33.0,1,1,0,0,0,0,0,0,1
0,0,26154.58,98958,0,112878,0,9.4,0,0,0,0,0,200.5,0,2,0,41,0,25.33,0,0,0,0,0,0,1,0,1
0,0,23726.35,0,0,13894,0,9.0,1,0,1,0,0,220.6,0,1,1,9,0,37.45,0,0,0,0,1,0,0,0,1
0,0,9237.43,83132,0,122829,0,4.4,0,1,0,1,0,189.2,0,3,0,11,0,42.43,0,0,0,0,0,0,1,0,1
0,0,18721.38,127997,0,119902,0,2.8,0,1,0,0,0,156.6,0,1,1,32,0,35.17,0,0,0,0,0,0,1,1,0
1,4358.49,29520.43,187137,0,87705,0,9.0,1,1,0,0,1,35.7,0,1,1,13,0,34.6,0,0,0,0,1,0,0,0,1
0,0,38462.67,73000,1,65511,0,9.0,0,0,1,0,1,188.7,0,2,0,8,0,17.39,0,0,1,0,0,0,0,0,1
0,0,11021.27,70254,0,22500,0,0.3,0,0,0,1,0,180.0,1,3,0,34,0,30.81,0,0,0,0,1,0,0,0,1
0,0,18167.22,55132,0,77442,0,1.6,0,0,0,0,0,222.8,0,0,0,19,0,33.0,1,0,0,0,1,0,0,0,1
0,0,38508.75,136925,0,198252,0,13.0,0,0,0,1,0,175.9,0,2,0,23,0,19.84,0,0,1,0,0,0,0,0,1
0,0,39735.38,73000,1,107051,0,1.7,0,1,0,0,1,116.0,0,3,0,26,0,29.69,0,1,0,0,0,0,0,1,0
0,0,30790.45,61081,0,110437,0,4.8,0,0,1,2,0,325.5,0,1,0,22,0,26.88,0,1,0,0,0,0,0,0,1
0,0,39842.38,69211,0,183267,0,13.6,0,0,0,1,0,246.8,0,3,0,21,1,44.66,0,1,0,0,0,0,0,0,1
1,3283.57,25973.08,100616,0,82892,0,4.3,0,0,0,0,0,29.2,0,2,0,20,0,32.84,0,0,0,1,0,0,0,0,1
0,0,16623.98,78821,0,119967,0,8.2,0,1,0,1,0,190.7,0,2,0,14,0,16.94,0,1,0,0,0,0,0,0,1
0,0,6457.78,95329,0,168236,0,17.1,0,1,0,1,0,180.0,1,1,1,27,0,37.17,0,0,0,0,0,0,1,1,0
0,0,10086.44,73000,1,101000,1,0.9,0,0,0,0,1,56.1,0,0,0,6,0,23.22,0,1,0,0,0,0,0,0,1
0,0,25009.51,97830,0,112696,0,8.5,0,0,0,0,0,158.7,0,1,1,23,0,33.23,0,0,1,0,0,0,0,0,1
0,0,23697.45,48763,0,117235,0,0.6,0,0,1,0,0,149.4,0,0,0,24,0,33.0,1,0,0,1,0,0,0,0,1
0,0,37585.49,64489,0,93024,0,18.4,0,0,0,1,0,181.8,0,3,0,26,0,35.63,0,0,0,1,0,0,0,1,0
1,8032.72,32067.91,140337,0,151049,0,7.4,0,1,0,1,0,102.3,0,1,1,20,0,14.83,0,0,1,0,0,0,0,0,1
0,0,13712.92,74862,0,83279,0,3.4,0,1,0,1,0,197.6,0,3,0,35,0,47.49,0,0,1,0,0,0,0,0,1
0,0,25648.82,99571,0,96373,0,12.5,0,0,0,1,0,248.6,0,2,0,7,0,33.0,1,0,0,0,0,1,0,0,1
0,0,9441.26,58336,0,93517,0,9.3,0,0,0,1,0,357.5,0,0,0,51,0,39.76,0,0,0,0,1,0,0,0,1
0,0,32122.68,92014,0,56484,0,20.3,0,0,0,0,1,297.7,0,0,0,36,0,41.71,0,0,0,0,0,0,1,0,1
1,2110.81,34990.52,79732,0,100329,0,8.6,0,0,0,0,0,142.5,0,0,0,15,0,22.79,0,0,0,1,0,0,0,1,0
1,8153.32,15258.04,64884,0,82451,0,9.0,1,0,0,0,0,253.3,0,2,0,28,0,31.6,0,0,0,0,0,0,1,0,1
0,0,3471.4,98206,0,46166,0,9.7,0,0,0,0,0,243.2,0,0,0,40,0,33.0,1,0,1,0,0,0,0,0,1
0,0,4000.95,82950,0,119865,0,9.0,1,2,0,0,0,0.6,0,1,0,21,1,37.87,0,0,0,1,0,0,0,0,1
0,0,26574.66,1089,0,34622,0,9.9,0,0,0,1,0,194.9,0,0,0,24,0,29.26,0,0,0,0,0,1,0,1,0
0,0,12124.62,148410,0,86581,0,9.0,1,1,0,1,0,227.1,0,3,0,23,0,28.38,0,1,0,0,0,0,0,0,1
0,0,30972.21,67093,0,124563,0,7.2,0,0,0,0,0,319.8,0,1,0,26,0,20.7,0,1,0,0,0,0,0,0,1
0,0,6437.51,40415,0,88844,0,9.0,1,0,0,0,0,149.8,0,3,0,23,0,33.0,1,0,0,1,0,0,0,1,0
0,0,15081.53,97996,0,127239,0,3.7,0,0,0,0,1,167.2,0,0,0,17,0,47.06,0,0,0,0,1,0,0,1,0
0,0,24319.49,94069,0,131024,0,0.7,0,2,0,2,0,185.0,0,0,0,24,0,36.27,0,0,0,1,0,0,0,0,1
0,0,29854.38,44253,0,107666,0,5.1,0,0,0,0,0,259.5,0,1,1,22,0,23.71,0,0,0,1,0,0,0,0,1
0,0,34865.49,41453,0,64148,0,0.1,0,0,0,1,0,206.8,0,2,0,28,0,28.91,0,1,0,0,0,0,0,1,0
0,0,8146.65,99025,0,101931,0,0.2,0,0,0,0,0,272.3,0,1,1,11,0,32.12,0,0,1,0,0,0,0,1,0
0,0,20631.93,107928,0,31169,0,21.9,0,0,0,1,0,96.4,0,1,0,22,0,38.55,0,0,0,0,0,1,0,0,1
1,5372.6,12882.69,106117,0,118362,0,11.5,0,0,0,1,0,180.0,1,0,0,21,1,35.21,0,0,0,1,0,0,0,1,0
1,17403.37,27035.87,48128,0,121434,0,6.4,0,0,1,1,0,373.5,0,0,0,5,0,32.95,0,1,0,0,0,0,0,1,0
0,0,38606.29,103650,0,101106,0,8.3,0,2,0,0,0,230.4,0,4,0,31,0,32.01,0,0,0,1,0,0,0,1,0
0,0,21269.38,35140,0,102120,0,16.1,0,1,0,0,0,50.9,0,0,0,37,0,44.37,0,0,0,1,0,0,0,1,0
1,4719.56,27292.2,28760,0,57470,0,14.2,0,0,0,1,0,220.3,0,1,0,27,0,47.67,0,0,0,0,0,0,1,0,1
0,0,32238.39,94432,0,59754,0,17.2,0,0,0,0,0,118.6,0,1,1,20,0,33.0,1,0,1,0,0,0,0,0,1
0,0,13751.28,54813,0,160453,0,0.9,0,0,0,0,0,181.3,0,1,0,21,0,35.94,0,0,0,0,1,0,0,0,1
0,0,2281.53,59220,0,125441,0,4.4,0,1,0,2,0,123.3,0,0,0,2,0,35.37,0,0,0,0,1,0,0,0,1
0,0,14757.79,73000,1,95496,0,12.4,0,0,1,0,1,131.0,0,0,0,28,0,26.59,0,1,0,0,0,0,0,0,1
1,14352.91,7621.39,30020,0,165090,0,11.4,0,0,0,0,1,135.2,0,3,0,6,0,33.9,0,0,1,0,0,0,0,0,1
0,0,18003.65,18020,0,146449,0,1.1,0,0,0,1,0,201.1,0,4,0,29,0,37.07,0,0,0,0,1,0,0,0,1
0,0,32030.42,53335,0,69923,0,4.5,0,0,0,0,0,180.0,1,0,0,2,0,45.8,0,0,0,0,0,0,1,0,1
0,0,29337.99,73000,1,116301,0,16.4,0,0,0,0,0,282.2,0,0,0,20,0,37.61,0,0,1,0,0,0,0,1,0
1,15353.58,2080.46,83049,0,63876,0,4.4,0,1,0,2,0,207.3,0,1,0,19,0,49.02,0,0,0,1,0,0,0,1,0
0,0,16873.27,34714,0,150835,0,8.4,0,0,0,2,0,137.8,0,2,0,18,0,43.43,0,0,0,0,0,1,0,0,1
0,0,30014.4,123394,0,105270,0,12.3,0,0,1,1,0,167.0,0,0,0,21,0,33.0,1,0,0,0,1,0,0,0,1
0,0,1821.89,126397,0,88286,0,19.0,0,0,0,0,0,156.2,0,2,0,16,0,19.59,0,0,0,1,0,0,0,0,1
1,15780.42,33085.6,129573,0,124303,0,23.3,0,1,0,0,1,285.7,0,0,0,5,0,40.98,0,0,0,0,0,0,1,0,1
0,0,14722.4,5540,0,129573,0,9.0,1,1,0,1,0,236.4,0,2,0,26,0,35.32,0,0,0,0,0,0,1,1,0
0,0,27744.38,82290,0,62932,0,8.3,0,1,0,1,0,263.4,0,5,0,14,0,43.23,0,1,0,0,0,0,0,0,1
1,11991.28,28349.19,46182,0,62284,0,9.0,1,0,1,2,0,4.6,0,3,0,33,0,41.57,0,0,0,0,1,0,0,0,1
1,7796.27,34397.17,40703,0,137687,0,8.8,0,0,0,1,0,43.0,0,0,0,20,0,33.3,0,0,0,0,0,0,1,0,1
0,0,29708.06,15910,0,113936,0,10.4,0,3,0,0,0,180.0,1,0,0,15,0,28.36,0,0,0,0,0,1,0,1,0
0,0,11151.37,0,0,98555,0,5.5,0,0,1,1,0,192.2,0,1,0,0,0,22.72,0,0,0,1,0,0,0,0,1
0,0,13306.17,28872,0,103212,0,5.0,0,0,0,0,0,244.3,0,1,0,44,0,32.45,0,0,0,0,0,0,1,0,1
0,0,5387.14,68724,0,75984,0,6.2,0,2,0,0,0,131.5,0,4,0,21,0,33.0,1,0,0,1,0,0,0,1,0
0,0,39272.04,119954,0,28451,0,20.5,0,1,0,1,0,133.4,0,0,0,34,0,36.04,0,0,0,0,0,0,1,1,0
0,0,2898.61,73000,1,69792,0,15.5,0,0,0,0,1,142.9,0,3,0,36,0,30.7,0,0,0,0,1,0,0,0,1
0,0,24537.03,56295,0,136451,0,12.8,0,0,0,0,1,108.0,0,2,0,31,0,38.29,0,0,0,0,0,0,1,1,0
0,0,21563.87,62918,0,85948,0,10.9,0,0,0,0,0,241.1,0,0,0,14,0,25.36,0,0,0,1,0,0,0,0,1
0,0,4189.01,96239,0,150981,0,15.8,0,0,0,1,0,100.1,0,0,0,19,0,33.0,1,0,1,0,0,0,0,1,0
0,0,24558.06,86123,0,101000,1,12.2,0,1,0,2,0,17.8,0,0,0,3,0,30.06,0,0,1,0,0,0,0,1,0
1,17602.1,5364.59,73000,1,188551,0,6.4,0,0,0,0,0,206.1,0,3,0,27,0,33.66,0,0,0,0,1,0,0,1,0
0,0,23207.79,62832,0,106371,0,9.3,0,2,0,0,0,113.6,0,1,0,9,0,27.04,0,0,0,0,1,0,0,1,0
0,0,21604.04,73000,1,119455,0,2.1,0,1,0,0,1,287.9,0,2,0,30,0,39.13,0,0,0,0,0,0,1,0,1
1,16100.71,12442.37,53312,0,183448,0,5.7,0,1,0,0,0,151.4,0,4,0,25,0,43.37,0,0,1,0,0,0,0,1,0
0,0,14992.68,71668,0,88641,0,5.1,0,0,1,0,0,89.2,0,0,0,23,0,19.38,0,0,0,0,0,0,1,1,0
0,0,37138.65,32117,0,119941,0,16.6,0,1,0,1,0,157.7,0,4,0,5,0,24.13,0,1,0,0,0,0,0,1,0
0,0,14049.69,90063,0,129098,0,2.9,0,0,0,2,0,250.6,0,2,0,18,0,29.05,0,0,1,0,0,0,0,1,0
0,0,17122.97,35681,0,127900,0,7.9,0,0,1,0,1,11.3,0,1,1,20,0,26.87,0,1,0,0,0,0,0,0,1
0,0,35545.53,24593,0,151415,0,1.0,0,1,0,0,0,79.4,0,3,0,13,0,27.16,0,0,0,0,0,0,1,0,1
0,0,35358.01,115867,0,129227,0,15.2,0,0,0,0,0,174.6,0,5,0,24,0,36.36,0,0,0,0,0,1,0,1,0
0,0,33821.75,43394,0,77889,0,8.8,0,0,1,1,0,192.3,0,4,0,35,0,28.47,0,0,0,1,0,0,0,0,1
0,0,32788.09,53290,0,90091,0,15.7,0,1,0,0,0,193.5,0,3,0,27,0,43.61,0,0,0,0,0,1,0,0,1
0,0,23787.85,101324,0,169762,0,8.8,0,0,0,1,0,35.2,0,2,0,21,1,33.0,1,0,0,0,0,1,0,0,1
0,0,5631.88,84596,0,83584,0,5.5,0,0,0,0,0,199.5,0,0,0,32,0,33.0,1,0,0,0,0,1,0,0,1
1,1217.9,2742.62,132907,0,82907,0,16.1,0,1,0,0,0,85.8,0,0,0,20,0,29.57,0,0,0,1,0,0,0,1,0
0,0,35711.68,128886,0,46118,0,2.1,0,1,0,0,0,128.2,0,1,0,33,0,36.39,0,1,0,0,0,0,0,1,0
0,0,21742.52,104184,0,92549,0,9.0,1,0,0,0,0,282.4,0,1,1,26,0,30.42,0,0,0,0,0,1,0,1,0
0,0,8124.09,84801,0,163813,0,9.0,1,1,0,0,0,218.3,0,2,0,41,0,26.85,0,0,0,0,0,1,0,1,0
0,0,30343.21,73000,1,115710,0,2.3,0,1,0,1,0,135.9,0,1,0,34,0,30.21,0,0,1,0,0,0,0,1,0
0,0,39427.04,82260,0,55059,0,7.3,0,1,0,0,0,182.8,0,1,0,5,0,24.17,0,0,0,0,0,0,1,1,0
0,0,20902.81,135919,0,121799,0,6.2,0,1,0,0,0,268.9,0,0,0,35,0,33.15,0,0,0,1,0,0,0,0,1
0,0,38400.71,29087,0,121678,0,7.1,0,0,0,0,0,147.5,0,1,1,31,0,24.88,0,0,0,0,0,0,1,0,1
0,0,14766.79,101818,0,23119,0,9.0,1,0,0,1,0,180.0,1,0,0,43,0,27.86,0,0,1,0,0,0,0,0,1
0,0,2435.05,50767,0,101000,1,0.2,0,0,0,0,0,206.7,0,2,0,16,0,30.0,0,0,1,0,0,0,0,0,1
0,0,34363.68,120390,0,51564,0,27.3,0,1,0,0,1,20.3,0,0,0,8,0,33.0,1,0,0,0,0,1,0,0,1
0,0,21173.02,73000,1,98490,0,6.9,0,0,0,1,0,271.7,0,0,0,43,0,28.32,0,1,0,0,0,0,0,1,0
1,22481.93,17846.01,143644,0,113088,0,9.1,0,1,0,1,0,87.3,0,0,0,15,0,48.34,0,0,0,0,1,0,0,0,1
0,0,28041.18,75915,0,85237,0,3.3,0,0,1,2,0,233.3,0,0,0,32,0,24.44,0,0,0,0,0,1,0,1,0
0,0,37565.81,85895,0,62522,0,10.8,0,0,0,0,0,71.5,0,0,0,19,0,24.43,0,1,0,0,0,0,0,1,0
0,0,17998.08,137894,0,82129,0,9.6,0,0,0,0,0,187.9,0,3,0,25,0,33.0,1,0,1,0,0,0,0,1,0
0,0,27046.55,85407,0,161506,0,7.9,0,1,0,0,0,180.0,1,2,0,28,0,33.13,0,0,1,0,0,0,0,0,1
0,0,38150.94,40820,0,165392,0,9.0,1,0,1,1,0,226.6,0,1,1,18,0,40.64,0,0,0,1,0,0,0,1,0
1,14072.51,1838.19,146979,0,108847,0,8.2,0,0,0,0,0,189.6,0,4,0,55,0,29.0,0,0,1,0,0,0,0,1,0
1,16901.52,15749.63,81922,0,808,0,9.0,1,0,0,0,0,166.8,0,2,0,37,0,33.0,1,0,0,0,0,0,1,1,0
1,11412.81,16136.52,95085,0,101311,0,2.2,0,0,0,0,0,69.4,0,2,0,17,0,28.59,0,0,0,0,1,0,0,0,1
0,0,37484.46,100960,0,78038,0,7.8,0,0,0,1,0,94.7,0,2,0,17,0,40.17,0,0,0,0,0,0,1,1,0
0,0,4214.32,99362,0,55915,0,9.0,1,0,1,1,0,233.5,0,2,0,7,0,61.71,0,0,0,0,0,0,1,0,1
1,9852.84,12679.49,71192,0,110458,0,2.0,0,0,0,0,0,230.6,0,3,0,9,0,34.54,0,1,0,0,0,0,0,0,1
0,0,17722.93,29164,0,58964,0,9.0,1,1,0,2,0,55.3,0,1,0,6,0,39.02,0,0,0,1,0,0,0,0,1
0,0,23135.52,94449,0,105951,0,2.4,0,0,0,0,0,232.7,0,0,0,28,0,33.0,1,0,0,0,0,0,1,1,0
1,24574.14,27871.96,46864,0,107616,0,11.4,0,0,1,0,1,128.2,0,1,0,24,0,36.23,0,0,1,0,0,0,0,1,0
0,0,13080.53,114727,0,87500,0,5.5,0,1,0,2,0,272.2,0,1,0,21,0,40.14,0,0,0,0,1,0,0,1,0
0,0,12228.56,105378,0,67220,0,6.2,0,1,0,0,0,362.4,0,2,0,18,0,38.58,0,0,0,1,0,0,0,0,1
0,0,3603.01,63089,0,181466,0,0.2,0,1,0,1,0,196.1,0,0,0,23,0,33.52,0,0,0,0,1,0,0,0,1
0,0,16574.33,76799,0,112734,0,15.8,0,1,0,2,0,241.6,0,0,0,22,0,33.0,1,0,0,0,0,0,1,0,1
1,16570.03,27184.29,73000,1,93938,0,16.5,0,1,0,0,1,111.5,0,0,0,33,0,40.37,0,0,1,0,0,0,0,1,0
0,0,10303.07,84722,0,0,0,19.0,0,0,0,0,0,205.0,0,0,0,28,0,33.0,1,0,1,0,0,0,0,0,1
0,0,5711.35,81475,0,142170,0,6.2,0,0,1,1,0,67.0,0,1,0,29,0,40.96,0,0,0,0,0,1,0,1,0
0,0,4695.04,102599,0,70624,0,3.9,0,1,0,1,0,304.7,0,1,1,30,0,28.42,0,0,0,0,0,1,0,1,0
0,0,25037.6,100400,0,77637,0,7.2,0,0,0,0,1,226.9,0,0,0,7,0,30.98,0,0,0,0,0,1,0,0,1
0,0,12249.75,73000,1,124095,0,3.8,0,1,0,0,0,157.8,0,0,0,20,0,33.0,1,0,1,0,0,0,0,1,0
0,0,6519.75,77979,0,119932,0,9.0,1,0,0,0,0,305.9,0,1,0,29,0,33.0,1,0,0,1,0,0,0,0,1
0,0,19357.83,142086,0,63923,0,4.3,0,0,0,0,1,239.8,0,0,0,25,0,39.99,0,0,0,0,0,1,0,0,1
1,8203.03,6329.6,50239,0,101000,1,2.3,0,0,0,3,0,97.3,0,0,0,21,1,39.95,0,0,1,0,0,0,0,0,1
0,0,31079.54,73367,0,59339,0,7.4,0,0,0,0,0,276.9,0,1,0,19,0,33.0,1,0,1,0,0,0,0,1,0
1,10637.7,31067.92,13880,0,140272,0,5.5,0,0,0,0,0,178.7,0,3,0,15,0,37.61,0,0,0,0,0,0,1,0,1
0,0,11491.83,55912,0,101000,1,1.8,0,0,0,0,0,119.2,0,2,0,23,0,36.96,0,1,0,0,0,0,0,0,1
0,0,9290.36,93205,0,172390,0,23.1,0,0,0,0,1,256.6,0,1,1,24,0,33.0,1,0,0,1,0,0,0,1,0
0,0,31779.08,73000,1,120307,0,21.0,0,1,0,0,0,119.0,0,0,0,18,0,38.43,0,0,0,0,0,1,0,1,0
0,0,35050.02,74089,0,97682,0,9.0,1,0,0,0,0,140.1,0,0,0,26,0,32.66,0,0,0,1,0,0,0,1,0
0,0,35063.95,70324,0,94970,0,1.5,0,0,0,0,0,270.2,0,1,0,29,0,37.65,0,0,0,0,0,1,0,1,0
1,5409.98,32076.01,54036,0,164817,0,12.7,0,1,0,0,0,238.5,0,3,0,27,0,48.58,0,0,1,0,0,0,0,0,1
0,0,38108.65,44678,0,42521,0,3.5,0,0,0,0,1,91.4,0,4,0,12,0,37.55,0,0,1,0,0,0,0,1,0
0,0,12348.08,0,0,68628,0,16.9,0,0,0,0,0,174.0,0,0,0,13,0,38.43,0,0,1,0,0,0,0,1,0
1,4592.15,1358.35,93905,0,69621,0,11.1,0,1,0,0,0,180.0,1,0,0,32,0,39.02,0,0,1,0,0,0,0,0,1
0,0,38693.33,141001,0,130631,0,18.4,0,0,0,2,0,111.7,0,0,0,39,0,40.91,0,0,0,0,1,0,0,0,1
0,0,16251.46,78393,0,86680,0,19.6,0,0,0,1,0,236.1,0,0,0,24,0,36.73,0,0,1,0,0,0,0,1,0
0,0,30186.92,72501,0,94930,0,0.1,0,0,0,0,0,252.2,0,1,1,20,0,26.7,0,0,0,0,0,0,1,0,1
0,0,5633.3,29566,0,81303,0,17.9,0,1,0,0,1,27.1,0,2,0,20,0,33.0,1,0,0,0,0,0,1,1,0
1,8433.27,23346.29,44282,0,85140,0,12.4,0,1,0,0,1,163.1,0,2,0,21,1,23.69,0,0,0,0,1,0,0,1,0
0,0,23804.14,57041,0,23543,0,23.6,0,0,0,1,0,277.8,0,2,0,26,0,34.27,0,0,0,0,0,1,0,0,1
0,0,22232.66,64419,0,101554,0,9.0,0,0,0,0,0,64.1,0,0,0,14,0,33.0,1,1,0,0,0,0,0,1,0
1,14172.86,6525.03,90218,0,76377,0,4.3,0,0,0,0,0,159.6,0,0,0,28,0,36.36,0,0,0,1,0,0,0,1,0
0,0,22982.04,44320,0,57874,0,4.0,0,2,0,0,0,247.4,0,1,1,26,0,33.79,0,0,0,1,0,0,0,1,0
1,15585.6,39199.92,50849,0,176050,0,5.4,0,1,0,0,1,115.5,0,3,0,24,0,34.46,0,0,0,0,0,0,1,0,1
0,0,5975.32,73000,1,74933,0,8.7,0,0,0,0,0,163.0,0,0,0,33,0,54.38,0,0,0,1,0,0,0,0,1
0,0,29020.21,98590,0,86059,0,4.9,0,2,0,0,1,209.2,0,2,0,25,0,52.43,0,0,0,0,0,0,1,1,0
0,0,21085.45,79540,0,154108,0,2.0,0,1,0,0,0,179.9,0,0,0,30,0,18.24,0,0,0,0,0,1,0,0,1
0,0,27306.36,108907,0,63978,0,13.5,0,0,0,0,0,236.6,0,1,0,33,0,30.97,0,0,0,0,0,0,1,0,1
0,0,12887.97,104767,0,48601,0,1.2,0,0,0,0,0,180.0,1,3,0,25,0,39.89,0,1,0,0,0,0,0,1,0
0,0,36611.26,141458,0,104346,0,4.3,0,1,0,0,0,434.3,0,1,1,34,0,32.02,0,0,1,0,0,0,0,0,1
0,0,13917.33,73000,1,45945,0,5.7,0,1,0,1,0,278.7,0,3,0,19,0,33.0,1,1,0,0,0,0,0,1,0
1,20289.19,14420.7,73000,1,106854,0,9.0,1,1,0,0,0,214.6,0,1,0,15,0,31.94,0,0,0,0,1,0,0,1,0
0,0,31525.96,124658,0,144958,0,15.0,0,0,0,0,0,219.5,0,2,0,22,0,20.74,0,0,1,0,0,0,0,0,1
0,0,3392.64,63299,0,121596,0,10.1,0,0,0,0,0,304.9,0,1,0,18,0,43.73,0,0,0,0,1,0,0,0,1
0,0,5349.62,43441,0,41447,0,0.8,0,1,0,0,0,141.7,0,2,0,23,0,53.33,0,0,1,0,0,0,0,1,0
0,0,37094.52,73000,1,61514,0,7.1,0,0,1,2,0,118.4,0,1,0,44,0,20.98,0,0,0,0,0,0,1,1,0
0,0,3640.63,0,0,151746,0,0.2,0,0,1,0,0,118.9,0,0,0,30,0,39.75,0,0,0,0,1,0,0,0,1
0,0,9070.06,73000,1,101000,1,4.9,0,0,0,0,0,222.8,0,0,0,23,0,42.75,0,0,0,1,0,0,0,1,0
0,0,31834.23,54060,0,74434,0,15.5,0,0,0,2,0,246.4,0,0,0,28,0,39.0,0,0,0,1,0,0,0,1,0
0,0,1609.9,4752,0,172870,0,3.2,0,0,0,0,0,134.2,0,0,0,25,0,43.81,0,0,0,0,1,0,0,1,0
0,0,17922.24,100234,0,142255,0,10.7,0,0,0,1,0,242.7,0,2,0,7,0,25.11,0,0,0,0,1,0,0,1,0
0,0,6354.36,92664,0,121571,0,9.2,0,2,0,1,0,188.5,0,0,0,21,0,31.94,0,0,0,1,0,0,0,1,0
0,0,19736.59,32976,0,82233,0,10.3,0,0,0,2,0,290.8,0,0,0,20,0,33.0,1,0,0,0,0,0,1,0,1
0,0,35280.61,79343,0,163524,0,0.3,0,1,0,1,0,148.1,0,1,0,32,0,26.35,0,0,0,0,0,1,0,1,0
0,0,6858.58,56167,0,67909,0,21.4,0,1,0,0,1,180.0,1,2,0,19,0,23.12,0,0,0,0,1,0,0,1,0
1,3570.31,17670.67,113574,0,125429,0,13.9,0,0,0,1,0,82.9,0,0,0,30,0,29.28,0,0,1,0,0,0,0,0,1
1,43.65,28881.92,75304,0,114667,0,9.0,1,0,0,1,0,135.1,0,1,0,9,0,33.0,1,0,0,0,0,1,0,0,1
0,0,33285.05,73000,1,175590,0,22.6,0,2,0,1,0,162.7,0,1,0,30,0,33.0,1,0,0,0,0,1,0,0,1
1,89.16,8114.56,70312,0,26335,0,3.6,0,1,0,0,0,180.0,1,1,1,9,0,26.03,0,0,0,1,0,0,0,0,1
0,0,17523.14,132456,0,201859,0,12.4,0,1,0,1,0,308.7,0,2,0,11,0,35.24,0,0,0,0,0,0,1,0,1
1,11458.82,5227.63,73000,1,31546,0,0.8,0,0,0,0,0,140.9,0,1,1,18,0,54.77,0,0,0,1,0,0,0,1,0
0,0,1330.67,61157,0,91832,0,15.9,0,0,0,0,1,63.3,0,3,0,29,0,41.62,0,1,0,0,0,0,0,0,1
1,19111.49,27612.59,122368,0,130968,0,11.3,0,1,0,2,0,175.9,0,0,0,19,0,30.16,0,1,0,0,0,0,0,0,1
0,0,39883.37,0,0,30497,0,10.0,0,0,0,2,0,67.7,0,0,0,23,0,33.0,1,0,0,0,0,0,1,0,1
0,0,19457.18,55727,0,147604,0,1.9,0,0,0,0,0,298.1,0,0,0,35,0,16.68,0,0,0,0,0,1,0,0,1
0,0,35145.92,50100,0,43890,0,9.0,1,2,0,0,0,228.3,0,0,0,28,0,22.26,0,1,0,0,0,0,0,1,0
0,0,36780.95,5996,0,104428,0,4.4,0,1,0,0,0,175.8,0,2,0,21,1,27.58,0,0,0,0,1,0,0,1,0
0,0,15098.22,73000,1,122668,0,19.2,0,0,0,1,0,196.1,0,0,0,1,0,33.0,1,0,0,0,1,0,0,0,1
0,0,12579.29,148237,0,149191,0,6.1,0,1,0,0,0,228.3,0,0,0,19,0,22.64,0,0,0,0,0,0,1,0,1
1,1226.79,35963.54,116049,0,79615,0,6.5,0,0,0,2,0,121.5,0,1,0,20,0,28.44,0,0,1,0,0,0,0,0,1
0,0,8455.2,30359,0,0,0,7.1,0,1,0,0,0,181.7,0,2,0,12,0,40.93,0,0,0,0,0,1,0,1,0
0,0,15880.97,53212,0,82822,0,2.0,0,2,0,0,0,277.8,0,3,0,4,0,33.0,1,0,0,0,1,0,0,1,0
0,0,34216.5,89440,0,176717,0,19.6,0,0,0,0,0,221.7,0,0,0,35,0,31.7,0,0,0,0,1,0,0,1,0
1,16542.1,36453.3,73000,1,179485,0,11.0,0,0,0,0,0,82.0,0,2,0,18,0,34.62,0,0,0,0,0,0,1,1,0
0,0,13406.87,58208,0,109446,0,19.9,0,0,0,0,0,206.1,0,0,0,23,0,33.0,1,0,0,0,0,1,0,1,0
0,0,1986.31,61627,0,0,0,13.0,0,1,0,1,0,64.7,0,1,1,24,0,55.9,0,1,0,0,0,0,0,0,1
0,0,5784.69,89769,0,98861,0,13.4,0,0,1,0,0,95.9,0,2,0,3,0,41.1,0,0,1,0,0,0,0,1,0
0,0,36241.89,42626,0,47405,0,5.4,0,1,0,2,0,183.3,0,0,0,13,0,34.6,0,1,0,0,0,0,0,0,1
1,19502.01,4254.27,110263,0,126192,0,13.0,0,0,0,0,0,9.2,0,3,0,27,0,47.65,0,0,0,0,0,1,0,0,1
1,1236.82,9027.44,115777,0,56293,0,12.1,0,0,0,1,0,70.6,0,4,0,40,0,20.1,0,0,0,0,0,1,0,0,1
0,0,5471.35,23241,0,74932,0,10.9,0,0,0,0,1,129.0,0,0,0,18,0,38.24,0,0,1,0,0,0,0,1,0
1,16220.61,11843.89,8419,0,42489,0,14.7,0,0,0,0,0,230.9,0,3,0,20,0,29.35,0,0,0,1,0,0,0,1,0
0,0,34388.02,160864,0,93505,0,3.2,0,0,1,0,1,154.5,0,1,0,13,0,26.5,0,0,0,0,1,0,0,0,1
0,0,18728.69,60958,0,123410,0,8.3,0,0,1,0,0,122.7,0,4,0,29,0,49.09,0,1,0,0,0,0,0,1,0
0,0,31612.82,73000,1,170981,0,0.7,0,0,0,1,0,251.9,0,1,0,0,0,29.14,0,0,0,0,0,1,0,0,1
0,0,39077.63,79708,0,97138,0,4.0,0,1,0,1,0,174.7,0,0,0,23,0,33.48,0,0,1,0,0,0,0,0,1
1,14538.78,9137.8,31722,0,71315,0,6.1,0,1,0,1,0,149.3,0,3,0,12,0,32.17,0,0,0,0,0,1,0,1,0
1,16003.72,35171.65,72073,0,67633,0,19.1,0,0,0,1,0,164.2,0,1,1,21,0,42.45,0,0,0,0,1,0,0,1,0
0,0,16704.99,32207,0,70211,0,4.8,0,0,0,1,0,187.5,0,2,0,25,0,30.12,0,0,0,0,0,0,1,0,1
0,0,7670.14,84613,0,55078,0,9.0,1,1,0,2,0,257.9,0,0,0,25,0,39.22,0,0,0,0,0,0,1,0,1
0,0,1812.25,154506,0,86105,0,15.5,0,0,1,0,1,180.0,1,1,0,14,0,33.0,1,0,0,0,0,0,1,0,1
0,0,29657.79,3919,0,98605,0,9.0,1,0,0,2,0,294.1,0,0,0,21,1,21.12,0,0,1,0,0,0,0,1,0
0,0,2205.28,18477,0,68481,0,22.3,0,0,1,0,0,298.0,0,5,0,19,0,28.82,0,0,0,1,0,0,0,0,1
1,15606.41,23601.16,102178,0,112631,0,5.9,0,0,1,0,1,223.0,0,1,0,18,0,42.91,0,0,0,0,1,0,0,1,0
0,0,33193.35,86201,0,96466,0,9.1,0,1,0,1,0,34.4,0,1,0,20,0,28.68,0,1,0,0,0,0,0,0,1
0,0,19453.93,28332,0,166095,0,12.1,0,0,0,0,0,281.6,0,0,0,14,0,33.0,1,0,0,0,0,1,0,0,1
0,0,15662.67,61675,0,78325,0,10.5,0,1,0,0,0,180.0,1,2,0,31,0,30.79,0,0,0,1,0,0,0,1,0
0,0,15551.33,10768,0,34514,0,11.0,0,0,0,0,0,77.6,0,1,0,50,0,37.51,0,1,0,0,0,0,0,1,0
0,0,27302.11,26544,0,129811,0,10.6,0,0,0,0,0,156.9,0,1,1,6,0,33.0,1,0,0,0,0,1,0,1,0
0,0,10641.04,80110,0,107093,0,14.3,0,0,0,1,0,344.2,0,0,0,26,0,37.38,0,0,1,0,0,0,0,1,0
0,0,28285.52,76000,0,64078,0,9.7,0,0,0,1,0,28.2,0,2,0,28,0,33.0,1,0,0,0,0,0,1,0,1
1,704.2,36375.28,116711,0,89291,0,15.5,0,0,0,0,0,288.2,0,0,0,13,0,29.95,0,0,0,0,0,0,1,0,1
0,0,3660.19,97481,0,57192,0,13.7,0,1,0,0,0,311.3,0,1,1,21,1,32.38,0,0,0,0,1,0,0,0,1
0,0,10029.85,44126,0,170596,0,2.8,0,0,0,0,0,180.0,1,2,0,12,0,33.0,1,0,1,0,0,0,0,0,1
1,11475.11,18530.88,111155,0,148602,0,1.5,0,0,0,0,0,222.0,0,5,0,21,1,33.52,0,0,0,0,0,1,0,1,0
0,0,27612.09,135310,0,81939,0,12.5,0,2,0,2,0,81.9,0,0,0,7,0,29.33,0,1,0,0,0,0,0,0,1
1,19693.32,33031.78,71005,0,122112,0,2.9,0,1,0,1,0,63.9,0,1,0,1,0,28.2,0,1,0,0,0,0,0,0,1
0,0,8819.94,67497,0,129324,0,10.7,0,0,1,0,0,217.5,0,0,0,24,0,26.11,0,0,0,0,0,0,1,1,0
0,0,19672.09,117052,0,153420,0,10.0,0,1,0,1,0,180.0,1,1,0,15,0,32.38,0,0,0,0,1,0,0,0,1
0,0,17759.03,66012,0,132310,0,14.7,0,0,0,0,1,192.8,0,3,0,35,0,23.83,0,1,0,0,0,0,0,1,0
0,0,3987.86,73000,1,121298,0,6.1,0,0,0,0,1,185.8,0,0,0,18,0,37.86,0,0,0,1,0,0,0,0,1
0,0,10524.03,58651,0,77440,0,16.9,0,0,0,0,1,318.8,0,0,0,16,0,31.66,0,1,0,0,0,0,0,1,0
0,0,26346.42,54123,0,107349,0,7.8,0,0,1,0,0,294.7,0,1,0,23,0,30.62,0,0,0,0,0,1,0,0,1
0,0,36492.11,78499,0,57453,0,20.3,0,0,0,1,0,278.7,0,0,0,25,0,23.5,0,0,0,1,0,0,0,0,1
0,0,29049.59,76700,0,66320,0,14.2,0,0,0,0,0,117.9,0,1,1,33,0,32.29,0,0,0,0,0,1,0,1,0
1,11483.41,23169.2,103167,0,98427,0,13.4,0,0,0,1,0,185.9,0,2,0,14,0,33.0,1,0,0,0,1,0,0,1,0
0,0,7805.32,41004,0,82758,0,4.8,0,0,0,0,0,208.9,0,5,0,40,0,34.56,0,1,0,0,0,0,0,1,0
0,0,4021.69,28102,0,119611,0,0.0,0,1,0,1,0,146.8,0,0,0,30,0,33.0,1,1,0,0,0,0,0,0,1
0,0,36563.03,73000,1,37691,0,1.0,0,0,0,0,0,190.6,0,1,0,25,0,32.96,0,0,1,0,0,0,0,0,1
0,0,5728.45,124699,0,45328,0,2.9,0,0,0,1,0,139.8,0,1,0,30,0,14.07,0,1,0,0,0,0,0,0,1
0,0,3981.31,107063,0,68598,0,9.5,0,1,0,0,0,287.2,0,0,0,24,0,25.99,0,0,0,0,0,1,0,1,0
0,0,25672.56,85169,0,101000,1,13.0,0,1,0,0,1,135.9,0,0,0,0,0,48.11,0,0,0,0,1,0,0,1,0
0,0,5642.16,30602,0,149345,0,3.4,0,2,0,1,0,101.9,0,2,0,16,0,33.62,0,0,0,0,0,1,0,1,0
1,17721.43,1303.57,23064,0,63820,0,14.0,0,1,0,0,1,278.5,0,0,0,19,0,22.95,0,1,0,0,0,0,0,1,0
0,0,11851.99,98271,0,74162,0,7.1,0,1,0,1,0,155.4,0,1,0,29,0,28.14,0,1,0,0,0,0,0,1,0
1,15171.04,33467.68,73000,1,132144,0,25.0,0,0,0,0,0,135.5,0,0,0,19,0,48.94,0,1,0,0,0,0,0,1,0
0,0,13757.51,97973,0,90628,0,18.7,0,0,0,0,0,317.7,0,0,0,21,1,19.09,0,1,0,0,0,0,0,1,0
1,16618.2,15672.15,129061,0,77468,0,13.4,0,0,0,2,0,33.3,0,2,0,21,0,36.63,0,0,0,0,1,0,0,1,0
0,0,19885.09,59088,0,77355,0,6.9,0,1,0,0,1,256.1,0,3,0,10,0,33.0,1,0,0,0,1,0,0,0,1
0,0,14555.56,125457,0,165530,0,19.4,0,0,1,0,0,216.1,0,4,0,14,0,43.75,0,0,0,0,1,0,0,0,1
0,0,3130.7,44996,0,103877,0,4.3,0,0,0,0,0,139.6,0,3,0,21,1,22.89,0,0,0,1,0,0,0,1,0
0,0,21227.31,120939,0,109372,0,12.9,0,0,0,2,0,209.6,0,1,1,45,0,35.38,0,0,0,0,1,0,0,1,0
1,3841.11,12757.19,81624,0,177816,0,17.7,0,1,0,0,1,112.7,0,1,0,21,1,33.0,1,0,0,0,0,0,1,0,1
1,12117.44,24621.97,59525,0,137802,0,8.3,0,1,0,0,1,192.6,0,0,0,17,0,33.05,0,0,0,0,1,0,0,0,1
0,0,28868.57,73000,1,118460,0,1.5,0,1,0,0,1,274.1,0,2,0,44,0,20.47,0,0,0,0,0,1,0,1,0
1,10368.43,20243.29,116616,0,95916,0,4.2,0,0,0,0,0,89.0,0,0,0,22,0,41.86,0,1,0,0,0,0,0,0,1
0,0,15651.76,8125,0,140209,0,18.9,0,0,0,0,0,212.2,0,0,0,14,0,36.97,0,0,0,0,0,0,1,0,1
0,0,24988.92,32880,0,148087,0,11.7,0,1,0,0,0,274.8,0,1,0,2,0,33.54,0,0,1,0,0,0,0,0,1
1,8118.11,39102.07,68065,0,127433,0,19.0,0,1,0,1,0,123.3,0,1,0,18,0,47.66,0,0,0,0,1,0,0,0,1
0,0,26022.37,125586,0,83476,0,7.2,0,0,0,0,0,97.5,0,3,0,37,0,30.28,0,0,1,0,0,0,0,1,0
1,1714.35,10041.41,92282,0,202357,0,9.0,1,0,0,2,0,297.0,0,0,0,37,0,34.87,0,0,0,0,0,1,0,0,1
0,0,35448.14,127601,0,7091,0,5.8,0,0,0,1,0,54.6,0,1,0,23,0,26.78,0,0,0,0,0,1,0,1,0
0,0,7981.22,16391,0,149505,0,9.0,1,0,0,1,0,180.0,1,0,0,18,0,33.32,0,0,0,0,0,0,1,1,0
0,0,33109.7,132825,0,22882,0,1.1,0,0,0,0,1,157.8,0,3,0,34,0,33.0,1,0,0,0,0,0,1,1,0
0,0,34457.72,110444,0,140449,0,0.8,0,0,0,0,0,315.5,0,1,1,16,0,33.0,1,0,1,0,0,0,0,1,0
0,0,4274.78,42894,0,113580,0,14.4,0,0,1,0,0,258.1,0,0,0,9,0,33.0,1,0,0,0,0,1,0,1,0
0,0,31760.73,107854,0,87937,0,11.0,0,1,0,0,0,181.7,0,0,0,23,0,36.96,0,0,1,0,0,0,0,0,1
0,0,7907.37,55767,0,167838,0,3.3,0,0,0,0,1,62.3,0,0,0,29,0,24.65,0,0,1,0,0,0,0,0,1
0,0,20646.84,132881,0,106393,0,6.1,0,0,1,0,0,198.1,0,2,0,21,1,40.4,0,0,0,0,0,0,1,0,1
0,0,1308.03,41202,0,120256,0,14.1,0,0,0,2,0,201.1,0,0,0,25,0,27.92,0,0,0,1,0,0,0,1,0
0,0,35219.88,98971,0,144466,0,4.1,0,0,1,0,0,336.7,0,0,0,30,0,33.0,1,0,0,1,0,0,0,1,0
0,0,13061.67,80140,0,20477,0,13.0,0,0,0,1,0,210.2,0,1,0,36,0,25.72,0,0,0,0,0,0,1,0,1
0,0,36600.49,78218,0,135453,0,0.6,0,1,0,2,0,306.1,0,0,0,18,0,34.91,0,0,0,0,0,1,0,1,0
0,0,24732.37,77296,0,58078,0,0.0,0,0,0,1,0,221.8,0,0,0,33,0,33.0,1,0,0,0,1,0,0,1,0
1,10537.85,27611.25,121451,0,82762,0,9.6,0,0,1,0,0,105.4,0,0,0,31,0,30.98,0,0,0,0,0,1,0,0,1
0,0,31459.14,129639,0,168042,0,6.5,0,0,0,0,1,386.6,0,1,0,7,0,31.97,0,0,0,0,1,0,0,0,1
1,9823.47,34847.97,60576,0,104565,0,0.4,0,0,1,0,0,250.4,0,1,0,24,0,33.0,1,0,0,0,0,1,0,1,0
1,15269.29,6641.13,0,0,104912,0,2.6,0,0,0,0,1,80.3,0,3,0,24,0,40.72,0,0,0,1,0,0,0,0,1
0,0,1872.96,102335,0,90359,0,12.9,0,0,0,0,0,252.1,0,1,0,39,0,33.58,0,0,1,0,0,0,0,0,1
0,0,2783.95,30225,0,101000,1,14.2,0,0,0,0,0,210.2,0,0,0,19,0,27.53,0,0,0,0,0,1,0,0,1
0,0,25756.13,54144,0,101000,1,5.5,0,1,0,0,0,121.6,0,1,0,24,0,26.04,0,0,1,0,0,0,0,0,1
0,0,30283.44,35263,0,75349,0,9.8,0,0,0,0,0,150.3,0,4,0,12,0,33.0,1,0,0,0,1,0,0,1,0
0,0,5314.68,53414,0,188300,0,17.8,0,0,0,1,0,139.8,0,0,0,8,0,23.14,0,0,0,0,1,0,0,0,1
0,0,12165.05,72286,0,151479,0,9.0,1,1,0,0,0,271.3,0,2,0,22,0,34.8,0,0,0,0,0,1,0,1,0
0,0,29553.77,106406,0,87600,0,6.0,0,0,0,1,0,97.2,0,2,0,16,0,41.52,0,0,0,1,0,0,0,1,0
0,0,35883.38,156896,0,68258,0,10.3,0,1,0,0,0,119.5,0,0,0,21,1,33.0,1,0,0,0,0,0,1,0,1
0,0,39825.85,82900,0,87905,0,8.2,0,0,0,0,0,176.0,0,1,0,31,0,24.7,0,0,0,0,0,0,1,0,1
0,0,5838.22,121076,0,94406,0,22.0,0,1,0,1,0,196.5,0,0,0,40,0,40.69,0,0,0,1,0,0,0,0,1
0,0,18342.21,87433,0,33129,0,9.3,0,0,0,0,0,238.5,0,3,0,33,0,29.33,0,0,1,0,0,0,0,0,1
0,0,11034.92,136400,0,136273,0,9.0,1,0,0,1,0,0.5,0,2,0,11,0,28.09,0,0,0,0,1,0,0,1,0
0,0,19800.05,34094,0,105415,0,9.7,0,1,0,0,0,137.5,0,1,1,15,0,38.91,0,0,0,0,0,0,1,1,0
0,0,2280.78,9076,0,152137,0,6.5,0,0,1,0,0,82.3,0,2,0,31,0,50.12,0,0,0,0,0,0,1,0,1
1,14032.57,39195.72,69811,0,137103,0,22.2,0,0,0,1,0,241.3,0,1,1,33,0,41.18,0,0,0,0,1,0,0,1,0
1,17070.13,23985.66,73000,1,78993,0,18.2,0,0,0,0,0,116.0,0,1,0,31,0,28.64,0,0,0,0,0,0,1,0,1
0,0,21755.41,40376,0,157925,0,18.0,0,0,1,1,0,117.0,0,1,0,6,0,26.31,0,0,1,0,0,0,0,1,0
0,0,9315.44,123968,0,77437,0,16.8,0,0,0,0,0,195.3,0,0,0,35,0,49.73,0,0,0,0,1,0,0,0,1
0,0,11251.36,142495,0,66776,0,7.1,0,0,0,0,1,124.2,0,3,0,24,0,26.83,0,0,1,0,0,0,0,1,0
0,0,10981.24,81569,0,148002,0,10.1,0,0,0,0,0,175.0,0,2,0,34,0,29.15,0,0,0,0,0,0,1,0,1
0,0,36446.61,40675,0,103967,0,17.0,0,1,0,1,0,161.0,0,0,0,36,0,33.0,1,1,0,0,0,0,0,0,1
0,0,23336.59,100321,0,97273,0,9.0,1,0,0,0,0,114.8,0,4,0,26,0,29.61,0,0,0,1,0,0,0,1,0
0,0,28458.35,73000,1,175634,0,3.0,0,0,1,0,0,180.0,1,1,0,22,0,35.32,0,0,0,0,0,0,1,1,0
0,0,23046.97,27918,0,111589,0,0.5,0,2,0,2,0,181.7,0,0,0,1,0,37.97,0,1,0,0,0,0,0,1,0
0,0,14252.58,12491,0,89025,0,9.0,1,0,0,1,0,187.2,0,2,0,36,0,26.05,0,0,0,1,0,0,0,1,0
1,23118.15,6783.07,13890,0,145768,0,9.0,1,0,1,1,0,292.2,0,0,0,28,0,32.67,0,0,0,0,1,0,0,1,0
0,0,15629.44,86993,0,98190,0,2.5,0,0,0,1,0,224.0,0,2,0,33,0,42.31,0,0,0,0,0,1,0,0,1
0,0,13358.3,115061,0,222700,0,8.9,0,0,1,1,0,98.8,0,4,0,15,0,33.0,1,0,0,0,0,0,1,0,1
0,0,1618.15,226218,0,88744,0,5.8,0,0,0,1,0,156.5,0,1,0,20,0,26.35,0,0,0,0,1,0,0,1,0
1,7664.8,21225.39,115297,0,167703,0,9.0,1,0,0,0,0,226.8,0,1,1,21,0,32.58,0,0,0,0,0,1,0,0,1
0,0,29178.39,81877,0,119097,0,6.7,0,0,0,0,0,272.4,0,1,0,21,0,32.7,0,0,0,0,0,1,0,1,0
0,0,30200.04,108290,0,111485,0,13.6,0,0,1,1,0,210.4,0,1,0,16,0,26.99,0,0,0,0,0,1,0,0,1
0,0,6136.58,21072,0,132157,0,23.9,0,0,1,1,0,180.0,1,1,0,15,0,25.69,0,0,0,0,0,1,0,0,1
0,0,9378.61,76721,0,79398,0,8.0,0,1,0,0,0,214.4,0,0,0,16,0,33.0,1,0,0,1,0,0,0,0,1
0,0,38625.39,93146,0,124017,0,3.4,0,0,0,0,1,275.7,0,0,0,21,0,38.2,0,1,0,0,0,0,0,1,0
0,0,14803.52,145033,0,152637,0,20.3,0,0,0,1,0,152.5,0,2,0,7,0,33.0,1,0,0,0,0,1,0,0,1
0,0,11858.43,167343,0,73077,0,23.6,0,0,0,0,0,179.1,0,0,0,42,0,33.0,1,0,1,0,0,0,0,1,0
0,0,7218.28,87949,0,72439,0,6.1,0,1,0,0,0,71.1,0,0,0,20,0,40.03,0,0,0,0,0,1,0,1,0
0,0,24339.41,77800,0,149027,0,5.9,0,0,0,0,0,180.0,1,2,0,14,0,39.17,0,0,0,0,1,0,0,0,1
0,0,5018.96,127838,0,52536,0,3.3,0,0,0,0,0,69.9,0,0,0,20,0,39.01,0,0,0,1,0,0,0,0,1
1,3337.87,4944.11,83279,0,69498,0,7.3,0,0,0,0,0,119.7,0,3,0,17,0,38.37,0,1,0,0,0,0,0,1,0
0,0,27231.77,107451,0,74227,0,1.9,0,1,0,0,0,151.2,0,1,1,6,0,33.0,1,0,0,0,1,0,0,1,0
0,0,34127.77,87603,0,118211,0,3.2,0,0,0,1,0,167.5,0,4,0,13,0,30.94,0,0,1,0,0,0,0,0,1
0,0,14016.77,24146,0,51677,0,10.5,0,0,0,0,0,272.0,0,1,0,37,0,43.64,0,0,0,1,0,0,0,1,0
1,22931.77,23692.03,32155,0,83248,0,0.5,0,0,0,0,1,37.9,0,0,0,18,0,23.36,0,0,0,1,0,0,0,1,0
0,0,9768.17,133609,0,101672,0,9.0,1,0,0,2,0,35.5,0,2,0,40,0,29.52,0,0,0,0,0,1,0,1,0
0,0,34068.29,23908,0,70232,0,8.8,0,0,0,0,0,261.4,0,1,0,30,0,47.93,0,0,0,0,0,1,0,1,0
1,12268.48,36781.7,0,0,86587,0,0.6,0,0,0,1,0,206.1,0,0,0,11,0,33.0,1,0,0,0,1,0,0,1,0
0,0,19588.43,72776,0,139763,0,11.6,0,0,1,3,0,48.9,0,2,0,16,0,27.14,0,0,1,0,0,0,0,0,1
1,18888.84,22044.89,73000,1,65481,0,7.4,0,0,0,0,0,111.5,0,1,0,35,0,37.85,0,1,0,0,0,0,0,0,1
1,6944.83,37899.74,0,0,51768,0,7.7,0,0,1,0,0,285.2,0,2,0,30,0,28.11,0,0,0,0,0,1,0,0,1
1,16413.28,24640.22,86879,0,99228,0,9.0,1,0,0,3,0,211.9,0,2,0,19,0,34.45,0,0,1,0,0,0,0,0,1
0,0,35766.03,50714,0,11852,0,9.0,1,0,0,3,0,127.3,0,1,0,30,0,40.6,0,0,0,0,0,1,0,0,1
0,0,37215.65,45466,0,63433,0,13.9,0,0,0,1,0,212.7,0,3,0,37,0,26.06,0,0,0,0,0,1,0,1,0
0,0,4547.19,23356,0,19037,0,2.7,0,0,0,2,0,288.6,0,0,0,27,0,29.0,0,0,0,0,1,0,0,0,1
0,0,28257.16,114453,0,206287,0,13.4,0,1,0,0,0,154.2,0,1,0,24,0,32.41,0,0,0,0,0,0,1,1,0
0,0,27564.2,99705,0,109671,0,10.1,0,1,0,0,1,129.4,0,2,0,18,0,23.44,0,0,1,0,0,0,0,0,1
0,0,15499.57,0,0,124897,0,10.1,0,1,0,0,0,139.6,0,0,0,19,0,45.13,0,0,0,1,0,0,0,1,0
0,0,20040.44,27608,0,63835,0,0.8,0,1,0,2,0,301.5,0,0,0,42,0,40.31,0,0,0,1,0,0,0,0,1
1,16047.45,5656.63,55978,0,183234,0,2.4,0,2,0,3,0,201.5,0,4,0,24,0,27.42,0,1,0,0,0,0,0,1,0
0,0,29271.5,73000,1,126803,0,9.4,0,1,0,0,1,29.9,0,4,0,15,0,33.0,1,0,0,0,1,0,0,1,0
0,0,24464.74,67421,0,126924,0,11.0,0,0,1,0,0,180.0,1,1,1,21,1,40.39,0,0,1,0,0,0,0,1,0
0,0,3883.04,87214,0,190684,0,0.2,0,0,0,0,0,120.6,0,0,0,26,0,30.76,0,0,1,0,0,0,0,0,1
0,0,7799.77,220149,0,66577,0,21.6,0,0,0,0,0,77.1,0,2,0,13,0,21.69,0,0,0,0,1,0,0,0,1
0,0,13714.43,105148,0,95899,0,4.3,0,1,0,2,0,266.8,0,0,0,17,0,33.0,1,0,0,0,0,0,1,0,1
0,0,33482.63,73000,1,38842,0,5.1,0,0,0,1,0,263.3,0,1,0,14,0,37.52,0,0,1,0,0,0,0,1,0
0,0,19274.61,106664,0,172017,0,20.8,0,0,0,0,0,180.0,1,0,0,40,0,38.09,0,0,1,0,0,0,0,1,0
0,0,12994.91,124149,0,126341,0,3.0,0,0,0,1,0,132.5,0,4,0,36,0,24.43,0,0,1,0,0,0,0,1,0
0,0,6719.21,28115,0,101866,0,5.2,0,0,0,1,0,282.3,0,0,0,45,0,29.41,0,1,0,0,0,0,0,0,1
1,21230.76,6262.79,60611,0,143799,0,11.6,0,0,0,0,1,21.1,0,1,0,19,0,33.0,1,0,0,1,0,0,0,1,0
0,0,36326.85,100986,0,111671,0,7.2,0,0,0,0,0,189.1,0,4,0,21,1,20.31,0,1,0,0,0,0,0,0,1
0,0,14089.76,132083,0,148756,0,0.7,0,1,0,0,0,160.3,0,1,1,17,0,33.0,1,0,1,0,0,0,0,1,0
0,0,7907.18,120825,0,124266,0,19.0,0,1,0,1,0,162.4,0,4,0,18,0,33.0,1,0,0,0,0,0,1,1,0
1,8559.64,29011.92,64163,0,38526,0,13.4,0,0,0,1,0,154.2,0,0,0,19,0,22.36,0,0,1,0,0,0,0,0,1
1,2132.91,22137.94,72224,0,79322,0,1.4,0,0,0,3,0,83.5,0,0,0,4,0,39.65,0,0,0,1,0,0,0,0,1
0,0,3521.48,73000,1,60195,0,18.4,0,1,0,0,1,178.7,0,0,0,11,0,33.0,1,0,0,1,0,0,0,0,1
0,0,29945.51,26279,0,107489,0,13.5,0,0,1,0,0,255.9,0,4,0,0,0,28.77,0,0,0,0,1,0,0,1,0
0,0,31742.35,79554,0,118553,0,6.1,0,1,0,0,0,183.2,0,2,0,25,0,41.88,0,0,0,0,0,1,0,0,1
0,0,19974.86,66000,0,53725,0,11.4,0,0,1,0,0,266.7,0,4,0,21,1,31.32,0,0,0,0,0,0,1,0,1
0,0,24365.52,94964,0,77435,0,14.7,0,0,1,0,0,185.0,0,5,0,33,0,26.48,0,0,0,1,0,0,0,0,1
0,0,13911.37,80143,0,123048,0,14.0,0,0,0,1,0,180.0,1,0,0,21,0,41.11,0,0,0,0,0,0,1,0,1
1,12442.77,16193.48,95727,0,109874,0,2.0,0,0,1,1,0,100.7,0,0,0,12,0,33.0,1,0,0,0,0,1,0,1,0
0,0,3361.96,49028,0,48281,0,7.8,0,0,0,0,0,174.1,0,2,0,9,0,43.17,0,0,0,0,1,0,0,1,0
0,0,30580.0,97927,0,123537,0,5.0,0,0,0,2,0,300.1,0,0,0,36,0,28.13,0,1,0,0,0,0,0,0,1
0,0,30503.16,73000,1,29113,0,8.2,0,0,1,0,0,171.6,0,0,0,29,0,36.58,0,1,0,0,0,0,0,0,1
0,0,16443.62,114836,0,170241,0,20.5,0,1,0,0,1,94.3,0,1,0,24,0,42.29,0,0,0,1,0,0,0,0,1
0,0,27140.26,73000,1,106106,0,0.9,0,0,0,0,0,171.2,0,1,0,7,0,45.61,0,0,0,0,0,1,0,1,0
0,0,30025.9,63000,0,157251,0,11.9,0,1,0,0,0,180.0,1,0,0,12,0,33.93,0,0,0,0,0,0,1,1,0
0,0,23238.07,83705,0,134549,0,0.1,0,0,0,1,0,228.5,0,0,0,22,0,37.94,0,0,0,0,0,0,1,0,1
0,0,18857.49,21192,0,148754,0,1.2,0,0,0,0,1,180.0,1,1,0,21,1,20.84,0,1,0,0,0,0,0,1,0
0,0,26185.11,94864,0,98774,0,2.2,0,0,0,1,0,10.0,0,2,0,31,0,40.81,0,0,0,0,1,0,0,1,0
1,10164.82,4357.72,80701,0,191451,0,7.6,0,1,0,1,0,180.0,1,0,0,21,0,33.0,1,0,0,1,0,0,0,0,1
0,0,8905.25,66533,0,167727,0,4.3,0,0,1,0,0,115.2,0,2,0,6,0,39.5,0,0,0,0,0,1,0,1,0
0,0,36171.01,93185,0,62716,0,7.4,0,0,0,0,0,256.2,0,3,0,0,0,44.17,0,0,1,0,0,0,0,0,1
0,0,26173.1,25570,0,118053,0,0.3,0,2,0,0,0,280.9,0,0,0,9,0,21.15,0,0,0,0,0,1,0,1,0
0,0,23443.12,118156,0,0,0,3.8,0,0,0,0,0,40.2,0,4,0,23,0,40.3,0,1,0,0,0,0,0,1,0
0,0,18692.51,115952,0,101000,1,11.2,0,0,0,3,0,271.2,0,2,0,10,0,33.0,1,0,1,0,0,0,0,1,0
1,418.67,18651.38,74480,0,101000,1,5.5,0,0,0,1,0,285.6,0,0,0,33,0,31.64,0,0,0,0,0,1,0,1,0
0,0,23897.86,84811,0,165921,0,5.7,0,0,1,0,0,233.4,0,2,0,29,0,37.36,0,0,0,0,1,0,0,1,0
0,0,22552.4,60521,0,53745,0,5.2,0,0,1,0,0,178.7,0,0,0,14,0,32.92,0,0,1,0,0,0,0,0,1
0,0,7347.1,93011,0,90382,0,11.9,0,0,1,1,0,244.5,0,1,1,25,0,39.65,0,0,1,0,0,0,0,0,1
0,0,37973.6,90876,0,118976,0,7.8,0,0,0,0,0,236.8,0,1,1,18,0,33.0,1,0,0,0,0,0,1,0,1
0,0,20777.43,58781,0,123007,0,9.0,1,0,0,1,0,89.3,0,1,0,21,1,33.0,1,0,0,1,0,0,0,1,0
0,0,16237.68,73000,1,139761,0,8.1,0,1,0,0,0,237.6,0,0,0,11,0,22.38,0,1,0,0,0,0,0,1,0
0,0,34455.98,54625,0,104387,0,9.0,1,1,0,2,0,327.4,0,0,0,29,0,33.0,1,0,0,0,0,0,1,0,1
0,0,24651.02,117561,0,45512,0,12.7,0,0,0,1,0,276.0,0,1,1,22,0,36.49,0,0,0,1,0,0,0,0,1
0,0,19115.78,58878,0,134199,0,6.0,0,0,0,3,0,269.6,0,0,0,9,0,25.78,0,1,0,0,0,0,0,0,1
0,0,21776.83,62264,0,90166,0,15.6,0,0,0,0,0,236.2,0,2,0,29,0,33.0,1,0,0,0,0,1,0,1,0
0,0,27844.96,38686,0,73179,0,1.2,0,0,1,1,0,163.5,0,2,0,10,0,47.26,0,0,0,0,1,0,0,0,1
0,0,37366.87,37644,0,111458,0,13.8,0,1,0,2,0,243.1,0,3,0,16,0,27.48,0,0,0,0,0,0,1,0,1
0,0,19578.36,88059,0,121804,0,12.0,0,2,0,1,0,162.8,0,4,0,27,0,33.0,1,0,0,1,0,0,0,0,1
0,0,10386.53,83050,0,161170,0,9.0,1,1,0,0,0,128.0,0,1,0,21,0,16.7,0,1,0,0,0,0,0,1,0
0,0,16849.69,1943,0,27715,0,0.4,0,1,0,0,0,234.1,0,0,0,12,0,37.71,0,0,0,0,0,1,0,0,1
1,16488.35,30837.18,89646,0,165655,0,8.2,0,0,0,0,0,200.5,0,3,0,8,0,34.49,0,0,0,0,0,0,1,0,1
0,0,15798.32,146172,0,21458,0,7.4,0,0,1,0,1,145.1,0,0,0,25,0,30.89,0,0,1,0,0,0,0,1,0
0,0,23834.29,160471,0,71859,0,8.1,0,1,0,1,0,99.3,0,0,0,21,0,37.54,0,0,1,0,0,0,0,1,0
0,0,7498.52,147045,0,138158,0,11.9,0,0,0,0,0,273.1,0,6,0,24,0,33.91,0,0,0,0,0,1,0,1,0
0,0,22584.11,41657,0,125006,0,16.8,0,0,0,1,0,0.4,0,1,0,2,0,35.99,0,0,0,1,0,0,0,0,1
0,0,18742.82,57353,0,32067,0,28.3,0,1,0,0,0,162.2,0,1,0,0,0,19.05,0,0,0,0,0,0,1,0,1
0,0,21415.35,64342,0,48048,0,8.8,0,0,0,0,0,109.6,0,2,0,22,0,34.36,0,0,1,0,0,0,0,0,1
0,0,31830.45,72718,0,35877,0,14.0,0,0,0,0,0,200.0,0,1,0,23,0,33.0,1,0,0,0,1,0,0,0,1
0,0,35012.4,73000,1,78238,0,9.0,1,0,1,0,0,180.0,1,3,0,21,0,22.73,0,0,0,0,0,0,1,0,1
1,8609.2,16733.07,86332,0,53326,0,17.0,0,1,0,0,1,191.3,0,1,1,8,0,40.11,0,0,0,0,1,0,0,0,1
1,12418.52,30722.24,91331,0,159824,0,10.1,0,0,0,1,0,322.9,0,0,0,8,0,34.14,0,1,0,0,0,0,0,1,0
0,0,39266.69,73000,1,77119,0,16.8,0,0,0,1,0,161.9,0,2,0,13,0,25.49,0,0,0,0,0,0,1,0,1
0,0,31353.55,6943,0,120045,0,2.1,0,0,0,0,1,51.8,0,0,0,3,0,27.77,0,0,0,0,1,0,0,1,0
0,0,28197.89,31763,0,99296,0,7.4,0,1,0,0,0,54.6,0,0,0,27,0,29.13,0,0,0,0,1,0,0,0,1
0,0,16457.44,106267,0,71179,0,11.2,0,0,0,2,0,208.4,0,2,0,2,0,40.4,0,0,0,0,0,0,1,1,0
0,0,1081.4,82411,0,122637,0,3.8,0,0,0,2,0,180.0,1,0,0,6,0,34.73,0,0,0,0,1,0,0,1,0
0,0,12365.71,95823,0,156803,0,13.2,0,1,0,0,0,119.5,0,1,0,18,0,37.05,0,0,0,0,0,1,0,0,1
0,0,28520.64,14013,0,148520,0,6.7,0,1,0,1,0,208.6,0,3,0,28,0,34.56,0,0,0,0,0,0,1,0,1
0,0,5782.12,12471,0,154364,0,5.9,0,0,1,1,0,180.0,1,2,0,21,0,38.14,0,0,0,0,1,0,0,0,1
0,0,32815.47,71141,0,30483,0,9.1,0,0,0,0,1,235.4,0,1,0,24,0,33.0,1,0,1,0,0,0,0,0,1
1,14381.86,1359.78,73941,0,66719,0,17.1,0,1,0,0,0,108.9,0,0,0,12,0,39.22,0,0,0,0,0,0,1,1,0
0,0,29045.18,137735,0,27675,0,6.2,0,0,0,1,0,321.0,0,0,0,22,0,39.91,0,0,0,1,0,0,0,1,0
0,0,27068.86,73000,1,79381,0,11.3,0,0,1,1,0,190.0,0,1,1,7,0,31.52,0,0,0,0,0,1,0,1,0
0,0,23626.87,5148,0,26927,0,5.1,0,0,0,1,0,269.7,0,1,0,16,0,33.46,0,0,1,0,0,0,0,0,1
0,0,17207.45,95444,0,84061,0,14.5,0,0,0,3,0,281.2,0,2,0,21,0,33.0,1,0,0,0,1,0,0,0,1
1,13874.94,30873.99,37504,0,78579,0,9.8,0,1,0,1,0,256.2,0,5,0,2,0,18.5,0,0,0,0,0,1,0,1,0
0,0,37063.84,104185,0,187659,0,11.6,0,1,0,0,0,109.2,0,0,0,37,0,31.03,0,0,0,0,1,0,0,0,1
0,0,26058.57,76681,0,101000,1,3.8,0,2,0,0,0,262.0,0,4,0,31,0,36.21,0,0,0,0,0,1,0,0,1
1,6380.21,32622.34,87442,0,79130,0,5.0,0,1,0,1,0,311.1,0,1,0,17,0,48.29,0,0,0,0,0,0,1,0,1
0,0,2019.76,108476,0,108926,0,11.8,0,0,1,0,0,188.4,0,0,0,17,0,31.4,0,0,0,0,0,1,0,1,0
0,0,22408.52,18836,0,68804,0,4.6,0,0,1,1,0,136.7,0,2,0,22,0,40.13,0,0,0,1,0,0,0,0,1
0,0,11307.01,101324,0,26837,0,4.3,0,0,0,0,0,239.3,0,1,0,40,0,28.76,0,1,0,0,0,0,0,0,1
0,0,29464.2,98422,0,57066,0,3.7,0,0,0,2,0,353.2,0,1,0,35,0,33.0,1,1,0,0,0,0,0,0,1
0,0,30124.64,127512,0,27792,0,3.1,0,0,0,2,0,211.5,0,1,0,21,1,36.86,0,1,0,0,0,0,0,1,0
0,0,14312.92,51680,0,109283,0,4.1,0,2,0,0,0,303.8,0,0,0,25,0,33.42,0,1,0,0,0,0,0,0,1
1,9182.22,19079.72,73000,1,113087,0,7.4,0,0,0,1,0,167.3,0,1,0,13,0,29.18,0,0,0,0,1,0,0,0,1
0,0,19733.66,43252,0,153422,0,18.1,0,1,0,0,0,170.9,0,3,0,29,0,25.65,0,1,0,0,0,0,0,1,0
0,0,12029.72,97681,0,30496,0,0.5,0,0,0,0,0,180.0,1,2,0,4,0,27.88,0,0,0,0,0,0,1,0,1
0,0,32379.13,76066,0,54787,0,1.5,0,0,0,1,0,104.1,0,4,0,10,0,31.11,0,0,0,0,0,0,1,1,0
1,10530.32,35941.09,82409,0,190693,0,11.7,0,0,0,0,0,196.6,0,2,0,25,0,44.47,0,0,1,0,0,0,0,1,0
0,0,10231.67,126137,0,156280,0,9.0,1,0,0,0,0,180.0,1,3,0,6,0,31.32,0,0,0,0,0,1,0,0,1
1,3085.16,28158.78,88070,0,102199,0,0.1,0,1,0,0,0,180.0,1,0,0,24,0,33.0,1,1,0,0,0,0,0,1,0
0,0,29238.41,90340,0,104152,0,2.8,0,0,0,0,0,190.8,0,2,0,17,0,33.0,1,0,0,0,1,0,0,1,0
0,0,28287.81,104796,0,162529,0,5.8,0,0,0,0,0,141.0,0,0,0,13,0,40.16,0,0,0,1,0,0,0,0,1
0,0,37122.31,140216,0,116243,0,5.0,0,0,0,0,0,199.8,0,2,0,29,0,24.99,0,0,0,0,0,0,1,1,0
1,8197.73,8011.91,123916,0,44292,0,9.0,1,0,0,0,1,232.0,0,1,1,15,0,35.3,0,0,0,0,0,0,1,1,0
0,0,25368.76,130576,0,132197,0,7.2,0,1,0,2,0,207.1,0,0,0,2,0,39.71,0,1,0,0,0,0,0,1,0
0,0,19750.42,129674,0,12528,0,9.0,1,0,1,0,0,129.8,0,3,0,11,0,33.0,1,0,1,0,0,0,0,0,1
0,0,21366.66,75577,0,75455,0,7.5,0,0,1,0,0,180.0,1,1,0,28,0,26.79,0,0,0,0,1,0,0,0,1
0,0,10196.27,109840,0,97063,0,14.0,0,0,0,2,0,309.9,0,1,1,24,0,40.93,0,0,0,0,0,1,0,0,1
0,0,1662.78,32623,0,55918,0,10.0,0,0,1,1,0,238.9,0,1,1,17,0,33.0,1,0,0,0,1,0,0,0,1
0,0,10711.6,151766,0,95238,0,4.6,0,0,0,2,0,120.1,0,0,0,17,0,33.0,1,0,0,0,1,0,0,1,0
0,0,29283.91,45689,0,95474,0,21.4,0,1,0,1,0,170.6,0,1,1,1,0,34.57,0,0,0,0,0,0,1,1,0
0,0,38409.52,132515,0,119720,0,9.4,0,0,0,1,0,10.0,0,1,0,12,0,33.0,1,0,0,1,0,0,0,0,1
0,0,6235.9,25383,0,56630,0,6.5,0,1,0,1,0,236.9,0,2,0,32,0,42.29,0,1,0,0,0,0,0,1,0
1,18186.58,24394.35,117854,0,86774,0,3.1,0,1,0,2,0,197.9,0,3,0,36,0,22.41,0,0,0,0,0,1,0,0,1
0,0,13770.2,45923,0,49492,0,11.0,0,0,1,0,0,180.0,1,0,0,22,0,29.16,0,1,0,0,0,0,0,1,0
0,0,14020.23,42381,0,61009,0,5.6,0,0,0,2,0,93.5,0,1,1,38,0,38.82,0,0,0,0,0,1,0,0,1
1,20673.68,12397.5,0,0,60482,0,7.8,0,1,0,0,0,204.8,0,3,0,20,0,40.17,0,0,0,0,0,0,1,0,1
1,12430.7,21908.1,88048,0,142473,0,10.8,0,0,0,3,0,176.0,0,0,0,4,0,39.9,0,0,1,0,0,0,0,0,1
0,0,35497.04,73000,1,108303,0,7.8,0,0,1,2,0,215.6,0,5,0,15,0,32.71,0,0,0,0,1,0,0,0,1
0,0,26121.89,90199,0,125181,0,9.0,0,0,0,2,0,183.2,0,1,0,32,0,33.0,1,0,1,0,0,0,0,0,1
0,0,5841.35,59581,0,101000,1,16.8,0,0,0,0,1,152.8,0,3,0,14,0,34.78,0,0,0,0,0,1,0,0,1
0,0,23335.9,23474,0,156113,0,1.5,0,0,0,1,0,169.0,0,0,0,19,0,33.0,1,1,0,0,0,0,0,0,1
0,0,31899.64,108820,0,191606,0,4.7,0,0,0,0,0,80.9,0,1,1,19,0,33.0,1,0,0,0,0,0,1,1,0
0,0,17290.44,117539,0,60394,0,12.0,0,0,0,0,0,291.4,0,3,0,14,0,47.7,0,1,0,0,0,0,0,0,1
0,0,35604.03,81112,0,144383,0,17.4,0,0,0,0,0,99.4,0,3,0,23,0,25.32,0,1,0,0,0,0,0,1,0
1,10522.72,19795.23,19622,0,131145,0,12.1,0,1,0,0,0,115.2,0,0,0,19,0,33.0,1,1,0,0,0,0,0,1,0
0,0,9725.65,151154,0,104600,0,9.0,1,0,0,0,1,79.7,0,2,0,13,0,35.83,0,0,0,0,0,1,0,0,1
1,10297.81,25564.62,73000,1,99842,0,6.7,0,0,0,0,0,139.9,0,2,0,21,0,34.45,0,0,0,0,0,0,1,0,1
0,0,29314.83,96342,0,80815,0,9.0,1,1,0,0,0,180.0,1,1,0,17,0,22.69,0,0,0,0,1,0,0,0,1
1,15861.72,8615.47,81519,0,132270,0,4.6,0,1,0,1,0,170.1,0,5,0,22,0,33.0,1,1,0,0,0,0,0,1,0
0,0,10280.95,13675,0,95412,0,3.2,0,0,0,2,0,236.8,0,5,0,29,0,38.08,0,1,0,0,0,0,0,0,1
0,0,39802.23,104065,0,110548,0,14.1,0,1,0,1,0,154.2,0,1,1,23,0,35.99,0,0,0,0,0,1,0,1,0
1,6224.87,8542.03,0,0,86223,0,8.2,0,0,0,1,0,269.1,0,0,0,16,0,33.0,1,0,1,0,0,0,0,0,1
0,0,1893.83,84828,0,42517,0,0.5,0,0,0,0,0,295.2,0,1,0,15,0,33.0,1,0,1,0,0,0,0,1,0
0,0,14622.85,73706,0,139554,0,12.6,0,0,0,0,0,169.7,0,3,0,22,0,33.0,1,0,0,0,0,1,0,0,1
0,0,30443.56,122042,0,84930,0,9.9,0,1,0,2,0,25.0,0,3,0,7,0,34.94,0,0,0,0,0,0,1,0,1
0,0,12382.84,149192,0,131214,0,4.7,0,0,0,0,0,89.8,0,1,0,17,0,33.0,1,0,0,0,0,1,0,0,1
0,0,19626.46,0,0,71592,0,9.0,1,0,0,0,0,56.8,0,0,0,22,0,24.36,0,0,1,0,0,0,0,0,1
0,0,8649.99,91233,0,163764,0,11.4,0,0,0,1,0,180.0,1,2,0,0,0,52.84,0,0,0,0,0,0,1,0,1
0,0,2194.73,95932,0,126742,0,5.3,0,1,0,0,0,250.9,0,2,0,13,0,39.61,0,0,0,1,0,0,0,0,1
0,0,9665.69,109619,0,8162,0,4.7,0,0,0,1,0,235.8,0,4,0,32,0,50.33,0,0,1,0,0,0,0,0,1
0,0,9644.43,60486,0,62204,0,20.1,0,0,1,0,1,100.9,0,0,0,18,0,40.0,0,0,0,0,0,0,1,0,1
0,0,9744.06,76448,0,85232,0,6.4,0,0,1,0,0,153.8,0,1,0,21,1,29.88,0,0,1,0,0,0,0,0,1
0,0,13684.59,38914,0,112487,0,8.1,0,0,0,0,0,204.8,0,1,1,30,0,31.47,0,0,0,0,0,0,1,1,0
0,0,31020.62,73000,1,105631,0,4.7,0,1,0,0,0,52.6,0,1,1,16,0,37.49,0,0,0,1,0,0,0,0,1
1,2088.85,6337.14,37573,0,172543,0,14.8,0,1,0,1,0,90.3,0,2,0,31,0,32.31,0,0,0,1,0,0,0,0,1
0,0,32067.5,47066,0,165805,0,21.2,0,2,0,1,0,97.0,0,1,1,4,0,28.98,0,0,1,0,0,0,0,1,0
0,0,6113.99,93746,0,163563,0,0.2,0,0,0,0,1,214.2,0,4,0,28,0,37.01,0,0,0,0,1,0,0,0,1
0,0,39808.92,26013,0,104116,0,10.3,0,1,0,2,0,180.0,1,0,0,30,0,29.28,0,0,0,0,0,1,0,1,0
0,0,7742.08,93112,0,130785,0,9.0,1,0,0,0,1,167.3,0,1,1,27,0,33.0,1,0,0,0,0,0,1,0,1
0,0,21768.01,77322,0,55476,0,11.0,0,1,0,0,0,408.3,0,2,0,21,1,35.18,0,0,0,0,0,0,1,0,1
0,0,26649.44,86573,0,112901,0,10.4,0,1,0,0,0,200.0,0,3,0,9,0,28.83,0,1,0,0,0,0,0,0,1
1,8634.83,7052.47,157255,0,73586,0,10.5,0,1,0,1,0,153.3,0,3,0,38,0,46.76,0,0,0,0,0,1,0,1,0
0,0,37648.15,70851,0,123843,0,8.7,0,0,0,0,0,196.9,0,0,0,9,0,45.59,0,0,0,0,0,1,0,0,1
1,3732.49,23270.69,129545,0,122175,0,14.3,0,0,0,0,0,139.0,0,0,0,32,0,33.0,1,0,1,0,0,0,0,0,1
0,0,31832.84,0,0,74492,0,7.7,0,0,0,0,0,79.8,0,1,0,25,0,45.73,0,0,0,0,0,1,0,0,1
1,7921.25,25859.66,61833,0,110827,0,21.0,0,0,0,0,0,362.0,0,3,0,11,0,35.43,0,0,0,0,0,0,1,1,0
1,18802.75,6819.4,11492,0,64535,0,8.1,0,0,0,0,0,66.1,0,1,0,22,0,33.0,1,1,0,0,0,0,0,1,0
0,0,25698.34,70733,0,78845,0,24.8,0,0,0,1,0,212.3,0,2,0,28,0,33.0,1,0,1,0,0,0,0,0,1
0,0,37095.7,87415,0,128234,0,7.1,0,1,0,1,0,58.3,0,1,0,28,0,20.16,0,0,0,1,0,0,0,1,0
1,297.23,12093.57,88019,0,34910,0,8.5,0,0,0,1,0,236.6,0,0,0,13,0,33.0,1,0,0,0,0,0,1,1,0
0,0,9370.11,46149,0,48462,0,7.7,0,0,0,1,0,226.3,0,0,0,29,0,33.44,0,0,0,0,0,0,1,1,0
1,3419.5,39613.9,82101,0,63313,0,12.1,0,0,0,0,1,137.4,0,0,0,28,0,33.81,0,0,0,1,0,0,0,0,1
0,0,34698.15,3355,0,75178,0,0.2,0,0,0,1,0,252.6,0,0,0,15,0,27.09,0,1,0,0,0,0,0,0,1
0,0,27405.67,111579,0,100465,0,9.2,0,1,0,0,0,270.7,0,2,0,21,1,50.37,0,0,0,0,0,1,0,1,0
1,6681.5,16546.9,87677,0,123581,0,11.2,0,0,0,0,0,192.6,0,2,0,18,0,33.0,1,0,0,0,1,0,0,1,0
0,0,38782.24,81765,0,73020,0,27.0,0,0,1,1,0,270.3,0,1,0,16,0,25.21,0,0,0,0,1,0,0,1,0
0,0,22889.06,0,0,259815,0,5.8,0,0,0,2,0,103.6,0,1,1,29,0,33.0,1,1,0,0,0,0,0,0,1
0,0,17596.98,132872,0,71968,0,17.2,0,1,0,1,0,179.8,0,2,0,0,0,27.81,0,0,0,0,0,0,1,0,1
0,0,13286.83,41987,0,39644,0,9.0,1,1,0,0,0,88.6,0,2,0,9,0,41.19,0,1,0,0,0,0,0,0,1
0,0,22705.14,90752,0,63592,0,12.6,0,0,0,1,0,185.5,0,2,0,19,0,12.17,0,0,0,0,0,1,0,1,0
0,0,18396.65,135801,0,107526,0,9.9,0,0,1,0,0,200.9,0,1,1,25,0,32.04,0,0,0,0,0,0,1,0,1
1,100.11,37304.66,64869,0,176643,0,4.7,0,0,0,0,0,197.4,0,0,0,46,0,29.92,0,0,0,0,0,0,1,1,0
0,0,34204.62,0,0,186798,0,2.5,0,0,0,0,0,13.9,0,1,0,21,1,33.0,1,1,0,0,0,0,0,0,1
0,0,17332.72,47691,0,161313,0,12.4,0,1,0,1,0,54.3,0,0,0,21,0,28.09,0,0,0,0,1,0,0,0,1
0,0,39962.88,28040,0,37736,0,10.4,0,0,0,0,1,143.7,0,1,0,14,0,31.07,0,0,0,0,0,0,1,1,0
0,0,15718.09,145368,0,165813,0,3.6,0,0,0,2,0,51.4,0,0,0,15,0,31.61,0,0,0,1,0,0,0,1,0
1,1678.79,1452.99,67112,0,120969,0,11.3,0,0,0,0,0,251.0,0,3,0,23,0,42.74,0,0,1,0,0,0,0,0,1
0,0,6902.21,18850,0,40811,0,9.0,1,0,1,0,0,317.2,0,4,0,5,0,33.0,1,0,1,0,0,0,0,0,1
1,12915.11,9320.41,56956,0,7295,0,14.2,0,0,1,0,1,319.0,0,2,0,17,0,35.57,0,1,0,0,0,0,0,1,0
0,0,11670.4,82741,0,55603,0,8.1,0,0,1,0,0,166.9,0,1,0,20,0,41.09,0,0,1,0,0,0,0,1,0
0,0,18271.19,73725,0,113194,0,6.3,0,1,0,1,0,69.3,0,2,0,17,0,22.98,0,0,0,1,0,0,0,0,1
0,0,27858.88,96845,0,71231,0,9.7,0,0,0,0,0,148.7,0,2,0,21,0,36.77,0,0,0,0,1,0,0,1,0
0,0,24244.26,78414,0,58585,0,6.6,0,0,1,0,0,126.1,0,1,1,35,0,34.81,0,0,0,1,0,0,0,0,1
1,5535.41,12439.38,45346,0,131593,0,8.5,0,0,0,2,0,180.0,1,2,0,13,0,33.29,0,0,0,0,0,1,0,0,1
0,0,13032.33,61143,0,129847,0,12.6,0,0,0,1,0,14.5,0,2,0,31,0,27.26,0,0,1,0,0,0,0,1,0
1,13626.38,37344.7,94837,0,114912,0,6.2,0,0,0,0,0,139.4,0,0,0,23,0,33.78,0,0,0,0,0,1,0,0,1
0,0,21165.71,71178,0,171743,0,9.0,1,0,0,1,0,224.4,0,1,0,1,0,22.22,0,1,0,0,0,0,0,0,1
0,0,39774.42,46762,0,120112,0,19.1,0,0,1,0,0,169.0,0,1,0,30,0,33.04,0,0,0,0,0,0,1,1,0
0,0,11324.36,60443,0,92530,0,12.3,0,0,0,0,0,205.1,0,1,0,18,0,40.2,0,0,1,0,0,0,0,1,0
0,0,3991.45,89731,0,123736,0,7.1,0,1,0,0,0,191.1,0,0,0,28,0,27.11,0,0,1,0,0,0,0,0,1
1,27653.08,8473.5,23537,0,34625,0,6.4,0,0,0,1,0,315.7,0,2,0,21,0,45.67,0,0,0,1,0,0,0,1,0
0,0,35857.98,69043,0,105932,0,14.9,0,0,1,0,1,243.8,0,0,0,31,0,36.44,0,0,0,1,0,0,0,0,1
0,0,17672.4,85609,0,73526,0,17.7,0,1,0,0,0,175.1,0,2,0,7,0,38.32,0,0,0,0,0,0,1,0,1
0,0,29678.3,108253,0,57862,0,5.9,0,1,0,0,1,253.8,0,1,0,13,0,33.0,1,0,0,0,1,0,0,1,0
1,5046.72,4492.13,65859,0,40764,0,8.9,0,1,0,0,0,88.4,0,0,0,19,0,27.93,0,0,1,0,0,0,0,1,0
0,0,21166.16,60325,0,99681,0,10.8,0,0,1,0,1,356.8,0,0,0,28,0,21.71,0,0,0,0,0,1,0,0,1
0,0,5746.41,70188,0,113054,0,4.9,0,1,0,1,0,153.2,0,2,0,22,0,18.96,0,0,0,0,0,1,0,1,0
1,11903.24,13063.87,108600,0,56344,0,13.5,0,0,1,1,0,105.6,0,3,0,0,0,33.0,1,0,0,0,0,0,1,1,0
0,0,38925.32,52462,0,101000,1,0.4,0,0,1,2,0,267.6,0,1,0,39,0,19.37,0,0,0,0,0,1,0,0,1
1,4785.01,24991.85,13567,0,73588,0,7.3,0,0,0,0,0,110.2,0,1,1,22,0,41.49,0,0,0,0,0,0,1,0,1
0,0,3833.27,73000,1,116524,0,2.0,0,0,1,0,0,322.6,0,4,0,22,0,25.49,0,0,0,0,0,1,0,1,0
0,0,12806.3,142174,0,142933,0,5.7,0,0,0,0,0,257.8,0,0,0,22,0,33.0,1,1,0,0,0,0,0,1,0
0,0,32092.15,75903,0,113145,0,11.4,0,1,0,1,0,79.2,0,1,1,12,0,7.54,0,0,0,1,0,0,0,0,1
0,0,5104.2,15923,0,78540,0,16.2,0,0,1,0,0,159.2,0,3,0,21,0,29.2,0,0,0,1,0,0,0,0,1
0,0,3060.8,52214,0,117967,0,4.0,0,0,0,0,0,231.8,0,0,0,8,0,33.0,1,0,0,1,0,0,0,0,1
0,0,6313.74,38216,0,122614,0,10.9,0,0,1,0,0,267.8,0,3,0,28,0,33.0,1,0,0,0,0,0,1,1,0
0,0,17668.74,3727,0,142123,0,10.8,0,0,0,0,1,29.5,0,2,0,32,0,33.27,0,0,0,0,0,0,1,1,0
0,0,23386.1,48957,0,166582,0,1.4,0,0,0,0,0,159.9,0,0,0,16,0,34.77,0,0,0,0,0,0,1,1,0
0,0,8885.2,58288,0,70739,0,7.8,0,1,0,1,0,135.6,0,1,1,26,0,29.53,0,0,0,1,0,0,0,0,1
0,0,30793.69,89243,0,64490,0,21.9,0,1,0,0,0,87.4,0,1,0,14,0,33.0,1,0,1,0,0,0,0,0,1
0,0,32113.95,105035,0,127948,0,9.0,1,0,0,1,0,256.4,0,2,0,14,0,33.0,1,1,0,0,0,0,0,1,0
0,0,13998.95,74871,0,79680,0,7.7,0,0,0,1,0,200.8,0,2,0,21,1,29.83,0,0,0,0,0,0,1,0,1
1,12457.32,28405.19,102451,0,171712,0,10.7,0,1,0,0,1,181.4,0,1,0,13,0,35.65,0,0,1,0,0,0,0,0,1
0,0,28285.81,73000,1,83735,0,14.8,0,1,0,0,0,102.1,0,0,0,18,0,33.0,1,0,0,0,1,0,0,1,0
0,0,19084.13,0,0,68403,0,7.9,0,0,0,1,0,184.8,0,0,0,21,1,33.0,1,0,0,1,0,0,0,1,0
0,0,35253.19,24077,0,31351,0,9.0,1,0,0,0,0,256.9,0,1,0,30,0,31.12,0,0,0,1,0,0,0,0,1
1,17841.96,15092.49,85633,0,107760,0,0.1,0,0,0,0,1,98.5,0,1,1,10,0,33.48,0,0,0,0,0,0,1,1,0
0,0,38300.25,45756,0,51187,0,15.6,0,0,1,0,0,184.8,0,1,0,27,0,37.96,0,0,0,1,0,0,0,1,0
0,0,8162.15,85223,0,73104,0,8.0,0,1,0,0,0,120.6,0,4,0,24,0,33.45,0,0,0,0,0,0,1,1,0
0,0,1219.13,77481,0,45067,0,9.2,0,0,1,0,0,217.4,0,1,0,36,0,20.09,0,0,0,0,0,1,0,0,1
0,0,23058.15,91073,0,136027,0,19.1,0,0,0,1,0,180.0,1,0,0,12,0,34.97,0,0,0,0,1,0,0,1,0
0,0,5917.21,89479,0,88794,0,9.0,1,2,0,0,0,130.9,0,1,0,18,0,40.4,0,1,0,0,0,0,0,0,1
0,0,17915.66,109774,0,69989,0,8.9,0,1,0,1,0,144.9,0,0,0,18,0,32.17,0,0,0,1,0,0,0,1,0
0,0,30857.93,73000,1,16538,0,5.9,0,0,0,1,0,269.6,0,3,0,10,0,33.0,1,0,1,0,0,0,0,1,0
0,0,21929.53,28156,0,118147,0,4.7,0,0,0,1,0,190.8,0,2,0,29,0,38.32,0,0,0,0,0,1,0,1,0
0,0,27251.92,67160,0,27979,0,14.6,0,0,0,1,0,144.0,0,4,0,14,0,38.9,0,0,0,0,0,1,0,1,0
0,0,35567.1,153314,0,98285,0,9.0,1,0,0,0,0,97.1,0,2,0,24,0,46.49,0,0,0,0,0,1,0,1,0
0,0,35454.96,47139,0,32845,0,1.8,0,0,0,0,0,171.7,0,3,0,7,0,29.39,0,0,1,0,0,0,0,1,0
0,0,1545.69,73000,1,23339,0,17.1,0,1,0,0,0,240.0,0,2,0,5,0,33.0,1,0,0,0,0,1,0,0,1
0,0,31545.68,69612,0,112606,0,11.0,0,1,0,0,0,147.9,0,2,0,27,0,33.0,1,0,1,0,0,0,0,0,1
0,0,17026.49,103613,0,120604,0,3.3,0,0,0,1,0,41.3,0,0,0,45,0,31.32,0,0,0,0,1,0,0,1,0
0,0,29249.84,125680,0,62038,0,5.4,0,1,0,2,0,91.8,0,0,0,27,0,29.13,0,0,1,0,0,0,0,1,0
0,0,10394.54,73000,1,145232,0,2.7,0,0,0,2,0,153.6,0,0,0,16,0,40.68,0,0,0,1,0,0,0,0,1
0,0,15059.21,75434,0,144225,0,3.7,0,1,0,1,0,172.8,0,3,0,25,0,41.75,0,0,0,0,0,1,0,0,1
0,0,32775.87,44571,0,80889,0,11.3,0,0,0,1,0,192.4,0,1,0,22,0,33.0,1,0,1,0,0,0,0,0,1
1,11736.13,32731.87,129158,0,122692,0,13.2,0,2,0,2,0,278.3,0,2,0,11,0,29.38,0,1,0,0,0,0,0,1,0
0,0,27764.08,141383,0,175067,0,11.2,0,1,0,2,0,288.2,0,0,0,41,0,17.13,0,0,0,1,0,0,0,0,1
0,0,26368.99,108561,0,151329,0,11.5,0,0,1,0,0,230.1,0,0,0,11,0,35.99,0,0,0,1,0,0,0,0,1
1,20647.96,19253.19,140274,0,164802,0,9.9,0,0,0,1,0,167.4,0,1,1,21,1,33.0,1,0,1,0,0,0,0,1,0
0,0,13471.76,22640,0,8459,0,3.2,0,2,0,2,0,109.3,0,6,0,37,0,36.58,0,0,1,0,0,0,0,0,1
1,9779.93,29112.99,125888,0,129146,0,19.4,0,0,0,2,0,277.7,0,0,0,28,0,42.98,0,0,0,0,0,1,0,1,0
1,11718.39,15180.03,48331,0,67829,0,4.9,0,0,0,1,0,274.2,0,1,1,24,0,32.63,0,0,0,0,0,1,0,1,0
0,0,8796.23,73000,1,124132,0,9.3,0,1,0,0,0,78.3,0,0,0,32,0,30.89,0,0,0,0,0,0,1,0,1
0,0,11072.56,51115,0,118295,0,21.0,0,2,0,1,0,174.8,0,2,0,22,0,38.82,0,0,0,0,0,0,1,1,0
0,0,26935.16,115217,0,119027,0,5.6,0,0,0,2,0,210.1,0,4,0,35,0,24.48,0,1,0,0,0,0,0,1,0
0,0,11590.68,54162,0,53125,0,2.9,0,0,0,1,0,180.0,1,1,0,15,0,46.12,0,0,1,0,0,0,0,0,1
0,0,16058.54,97704,0,92409,0,16.8,0,1,0,0,1,380.3,0,1,1,23,0,21.1,0,0,0,0,0,1,0,1,0
0,0,15663.03,126238,0,95250,0,9.8,0,0,0,1,0,185.9,0,4,0,30,0,33.0,1,0,1,0,0,0,0,1,0
0,0,17769.86,53644,0,55426,0,13.9,0,0,0,0,0,82.4,0,1,0,22,0,28.78,0,1,0,0,0,0,0,0,1
0,0,28122.66,121212,0,88459,0,1.0,0,1,0,0,0,12.6,0,2,0,24,0,40.49,0,0,0,0,0,1,0,0,1
1,7773.92,5862.88,73000,1,113351,0,10.8,0,0,0,0,0,4.6,0,2,0,31,0,33.06,0,0,0,0,1,0,0,0,1
0,0,23323.44,128142,0,183917,0,2.3,0,0,0,0,1,193.8,0,1,0,21,1,24.44,0,0,0,1,0,0,0,0,1
0,0,38552.56,54992,0,108819,0,16.0,0,1,0,0,0,72.8,0,1,0,26,0,34.83,0,0,0,1,0,0,0,0,1
0,0,25209.83,105504,0,64184,0,6.3,0,0,0,1,0,166.5,0,5,0,18,0,38.77,0,0,0,0,0,1,0,1,0
0,0,37192.12,16317,0,61042,0,12.5,0,0,0,2,0,61.6,0,0,0,8,0,39.82,0,0,0,0,0,1,0,0,1
0,0,9522.52,83543,0,127589,0,0.1,0,1,0,0,0,323.6,0,1,1,30,0,47.07,0,0,0,1,0,0,0,0,1
1,18615.15,25581.59,81247,0,58707,0,11.3,0,0,1,0,0,269.1,0,3,0,32,0,41.25,0,0,1,0,0,0,0,1,0
0,0,34687.2,53003,0,139974,0,4.1,0,1,0,0,0,181.0,0,3,0,27,0,33.0,1,0,0,0,0,0,1,0,1
0,0,9630.2,73000,1,153179,0,5.5,0,1,0,0,0,178.7,0,1,0,19,0,33.0,1,0,0,1,0,0,0,1,0
0,0,28854.02,16227,0,138402,0,9.0,1,0,0,2,0,59.6,0,3,0,36,0,48.86,0,0,0,0,0,0,1,0,1
0,0,12155.81,98827,0,105704,0,10.8,0,1,0,1,0,228.4,0,1,0,13,0,36.42,0,0,1,0,0,0,0,1,0
0,0,21292.24,73000,1,101000,1,4.6,0,1,0,1,0,181.1,0,0,0,27,0,34.58,0,0,0,0,1,0,0,0,1
1,20254.88,19657.14,35698,0,101222,0,9.0,1,0,1,1,0,208.6,0,2,0,21,1,28.52,0,1,0,0,0,0,0,1,0
0,0,18879.65,38013,0,126105,0,3.1,0,1,0,1,0,200.6,0,1,1,27,0,21.23,0,0,0,0,0,1,0,0,1
0,0,38379.22,95341,0,56414,0,12.3,0,0,0,1,0,158.8,0,0,0,15,0,33.0,1,0,0,0,0,1,0,1,0
1,25409.18,13349.66,73000,1,176526,0,5.6,0,0,0,0,0,218.5,0,2,0,0,0,33.0,1,1,0,0,0,0,0,0,1
0,0,2636.58,129433,0,157746,0,8.0,0,2,0,0,1,283.9,0,0,0,28,0,15.26,0,0,0,0,0,1,0,0,1
0,0,7949.91,38313,0,186224,0,10.8,0,1,0,0,0,239.9,0,0,0,27,0,27.97,0,0,0,0,0,1,0,0,1
0,0,8501.95,97568,0,94904,0,1.7,0,0,0,1,0,125.1,0,4,0,22,0,32.42,0,1,0,0,0,0,0,0,1
0,0,15723.4,35955,0,99038,0,12.9,0,1,0,1,0,131.4,0,3,0,17,0,40.17,0,0,1,0,0,0,0,1,0
0,0,23122.31,73000,1,140741,0,12.4,0,0,0,0,0,242.4,0,3,0,36,0,33.0,1,0,0,0,0,1,0,0,1
0,0,26928.78,47633,0,84944,0,12.9,0,0,0,0,0,318.3,0,3,0,21,1,33.0,1,0,0,0,0,0,1,1,0
0,0,21994.08,41198,0,157586,0,11.5,0,0,0,0,0,300.2,0,1,1,21,0,33.0,1,0,0,1,0,0,0,1,0
0,0,22194.15,0,0,101000,1,9.3,0,0,0,1,0,206.3,0,1,0,21,0,49.0,0,0,0,0,0,0,1,0,1
0,0,13233.46,34159,0,97293,0,2.1,0,0,0,1,0,170.4,0,0,0,36,0,33.0,1,0,1,0,0,0,0,1,0
1,6763.29,27916.9,95902,0,108568,0,14.6,0,0,0,2,0,79.9,0,0,0,23,0,23.86,0,0,0,0,0,1,0,1,0
0,0,21033.8,73000,1,170664,0,2.5,0,1,0,0,0,150.6,0,2,0,29,0,33.0,1,0,1,0,0,0,0,0,1
0,0,21648.95,93061,0,74673,0,6.9,0,0,0,1,0,183.3,0,1,0,4,0,39.15,0,0,1,0,0,0,0,1,0
0,0,39724.79,94745,0,188919,0,13.4,0,0,0,1,0,159.2,0,0,0,12,0,33.0,1,0,0,0,1,0,0,0,1
0,0,5237.75,96161,0,125510,0,18.6,0,0,1,2,0,45.7,0,1,0,20,0,20.13,0,0,0,0,0,0,1,1,0
0,0,35930.47,73000,1,101883,0,6.8,0,0,0,2,0,138.5,0,1,0,25,0,36.84,0,0,0,0,0,0,1,1,0
0,0,24143.41,67622,0,67844,0,7.9,0,0,1,0,0,165.0,0,0,0,26,0,24.11,0,0,0,1,0,0,0,1,0
1,17497.62,18480.48,56025,0,151016,0,6.2,0,1,0,0,0,70.8,0,0,0,14,0,39.92,0,0,0,1,0,0,0,1,0
0,0,23389.68,73000,1,106699,0,1.3,0,1,0,0,0,27.6,0,2,0,19,0,30.35,0,0,0,0,1,0,0,0,1
0,0,29589.97,111954,0,0,0,4.0,0,0,1,1,0,126.8,0,1,1,26,0,33.0,1,0,0,0,1,0,0,1,0
0,0,2524.3,31901,0,101000,1,3.7,0,0,0,1,0,216.7,0,0,0,14,0,28.01,0,0,0,0,0,1,0,0,1
0,0,34329.81,142098,0,56924,0,9.0,1,1,0,0,1,206.1,0,1,0,19,0,29.66,0,0,0,1,0,0,0,1,0
1,12082.47,38761.4,52193,0,130242,0,11.7,0,1,0,1,0,174.6,0,1,1,23,0,24.85,0,1,0,0,0,0,0,1,0
1,14607.11,30254.69,0,0,142352,0,14.2,0,0,0,0,0,165.7,0,3,0,17,0,33.0,1,0,1,0,0,0,0,1,0
1,11731.35,36496.29,40226,0,69994,0,5.1,0,0,0,0,0,131.7,0,1,1,12,0,25.12,0,0,0,0,0,0,1,0,1
0,0,9690.66,50413,0,111605,0,3.1,0,0,1,1,0,238.1,0,0,0,21,1,33.0,1,1,0,0,0,0,0,1,0
0,0,31386.18,93911,0,105503,0,5.2,0,0,0,1,0,99.9,0,0,0,18,0,33.0,1,0,0,1,0,0,0,1,0
0,0,13192.48,0,0,169979,0,11.2,0,0,1,1,0,158.8,0,0,0,24,0,33.0,1,0,0,0,1,0,0,0,1
1,9323.09,31789.36,44262,0,77427,0,13.6,0,0,0,1,0,130.8,0,3,0,26,0,36.96,0,0,0,0,0,0,1,1,0
0,0,2459.95,45582,0,73751,0,9.0,1,1,0,0,1,222.3,0,1,1,26,0,40.89,0,0,0,0,0,0,1,1,0
0,0,29428.6,1015,0,109873,0,5.9,0,0,0,0,0,345.4,0,0,0,24,0,30.51,0,0,1,0,0,0,0,0,1
1,8787.1,24579.45,65213,0,44070,0,17.7,0,1,0,0,1,206.0,0,1,0,21,0,34.47,0,1,0,0,0,0,0,1,0
0,0,16974.35,39626,0,123696,0,6.6,0,2,0,0,0,282.8,0,0,0,9,0,36.9,0,0,0,0,1,0,0,0,1
0,0,23269.57,73553,0,77612,0,9.0,1,0,0,0,0,204.5,0,1,0,18,0,37.19,0,1,0,0,0,0,0,0,1
1,982.18,13798.48,123610,0,65442,0,26.3,0,1,0,0,0,252.6,0,0,0,35,0,33.0,1,0,0,0,0,1,0,1,0
0,0,23546.77,71834,0,185985,0,7.8,0,0,0,1,0,39.5,0,0,0,17,0,29.47,0,1,0,0,0,0,0,0,1
0,0,22850.69,35599,0,122364,0,2.1,0,1,0,0,0,175.8,0,4,0,22,0,33.0,1,0,0,0,0,1,0,1,0
0,0,4112.99,113739,0,115598,0,6.2,0,1,0,2,0,80.6,0,2,0,16,0,33.0,1,0,0,1,0,0,0,0,1
1,19558.45,6289.53,83470,0,149627,0,20.4,0,0,0,0,0,133.4,0,0,0,34,0,33.0,1,1,0,0,0,0,0,0,1
0,0,39041.68,148952,0,88331,0,16.4,0,0,0,2,0,59.1,0,2,0,29,0,31.0,0,1,0,0,0,0,0,1,0
0,0,36529.53,111695,0,105476,0,10.5,0,1,0,0,0,180.2,0,2,0,20,0,33.0,1,1,0,0,0,0,0,0,1
0,0,13609.86,101064,0,75426,0,9.0,1,2,0,1,0,180.0,1,0,0,21,0,34.11,0,1,0,0,0,0,0,0,1
0,0,27380.86,93759,0,42778,0,7.3,0,1,0,0,1,114.0,0,1,0,30,0,33.0,1,0,1,0,0,0,0,1,0
0,0,30777.72,63270,0,162090,0,1.4,0,2,0,1,0,53.4,0,2,0,30,0,53.79,0,0,0,0,0,1,0,1,0
0,0,30544.8,86976,0,134463,0,9.0,1,0,0,1,0,271.0,0,2,0,21,0,12.56,0,0,0,0,1,0,0,0,1
0,0,18530.78,81518,0,83413,0,6.5,0,0,0,1,0,26.5,0,2,0,25,0,39.04,0,0,1,0,0,0,0,1,0
0,0,24837.31,80662,0,101000,1,15.1,0,0,0,1,0,215.9,0,0,0,9,0,43.09,0,1,0,0,0,0,0,0,1
0,0,13073.09,160075,0,72374,0,10.6,0,0,0,1,0,248.7,0,0,0,25,0,33.0,1,1,0,0,0,0,0,0,1
0,0,28061.99,13495,0,110662,0,11.8,0,1,0,0,1,180.0,1,2,0,7,0,36.69,0,1,0,0,0,0,0,1,0
0,0,31397.88,80197,0,195846,0,4.8,0,0,0,2,0,180.0,1,2,0,25,0,34.79,0,0,0,0,0,1,0,0,1
1,10564.41,30352.77,73000,1,75631,0,10.2,0,0,0,1,0,124.1,0,1,1,25,0,26.76,0,0,0,0,1,0,0,1,0
0,0,22339.15,2137,0,178556,0,14.5,0,0,0,2,0,126.7,0,4,0,18,0,33.0,1,0,1,0,0,0,0,1,0
0,0,11525.25,159397,0,156264,0,14.5,0,0,0,2,0,180.0,1,0,0,12,0,33.67,0,0,0,0,0,0,1,0,1
0,0,12704.21,93890,0,167507,0,7.1,0,0,0,0,0,207.3,0,2,0,33,0,33.0,1,0,0,0,1,0,0,0,1
0,0,28421.63,65099,0,20460,0,2.6,0,0,0,0,0,208.0,0,3,0,22,0,27.22,0,0,0,0,0,1,0,1,0
0,0,5271.88,73000,1,78505,0,22.1,0,1,0,1,0,312.8,0,0,0,8,0,33.0,1,0,0,1,0,0,0,1,0
0,0,11491.61,32697,0,119932,0,15.8,0,1,0,0,0,200.0,0,2,0,21,0,32.25,0,0,0,1,0,0,0,1,0
0,0,30693.14,73000,1,157277,0,10.1,0,0,0,0,0,174.7,0,1,0,17,0,31.56,0,1,0,0,0,0,0,1,0
0,0,34379.08,116327,0,132950,0,10.0,0,1,0,1,0,69.2,0,1,1,21,1,35.03,0,1,0,0,0,0,0,0,1
0,0,11062.52,38195,0,197384,0,13.9,0,0,0,0,0,312.4,0,1,1,38,0,42.4,0,0,0,0,0,1,0,0,1
0,0,13859.32,105892,0,146610,0,18.9,0,0,0,1,0,203.9,0,0,0,27,0,27.65,0,0,0,1,0,0,0,0,1
0,0,6782.52,73000,1,123878,0,10.4,0,1,0,0,1,11.2,0,1,0,7,0,33.0,1,0,0,0,1,0,0,1,0
1,10637.36,14519.37,108602,0,66680,0,3.1,0,1,0,0,0,206.5,0,1,1,21,0,33.0,1,0,0,0,0,0,1,0,1
1,14215.39,5531.62,59763,0,109349,0,4.8,0,1,0,0,1,285.7,0,1,0,29,0,33.0,1,1,0,0,0,0,0,1,0
1,8166.85,35280.17,95354,0,84452,0,9.0,1,0,1,3,0,213.8,0,4,0,22,0,46.23,0,0,0,1,0,0,0,0,1
0,0,2794.14,114352,0,54665,0,4.7,0,1,0,0,1,171.5,0,0,0,33,0,39.71,0,0,0,1,0,0,0,1,0
0,0,38483.0,73000,1,156668,0,9.0,0,1,0,1,0,180.0,1,3,0,5,0,40.15,0,0,0,0,1,0,0,1,0
0,0,11766.42,154038,0,148604,0,1.6,0,1,0,1,0,111.4,0,2,0,21,1,17.14,0,0,0,1,0,0,0,0,1
0,0,38968.62,121408,0,87135,0,9.0,1,0,0,0,0,226.0,0,1,0,29,0,33.0,1,0,0,1,0,0,0,1,0
1,8438.35,16587.11,46941,0,25636,0,16.4,0,1,0,0,0,169.9,0,2,0,13,0,27.37,0,0,0,0,0,1,0,1,0
0,0,21601.17,60757,0,180727,0,9.0,1,1,0,2,0,64.6,0,2,0,15,0,34.65,0,1,0,0,0,0,0,0,1
1,13368.05,24840.73,48668,0,26556,0,15.0,0,0,0,0,1,227.3,0,2,0,11,0,27.33,0,0,0,1,0,0,0,1,0
0,0,9184.41,68731,0,78854,0,9.5,0,0,0,0,0,52.6,0,3,0,4,0,44.86,0,0,0,0,0,0,1,1,0
0,0,11076.45,44478,0,82875,0,4.9,0,0,0,3,0,279.7,0,2,0,25,0,17.18,0,0,0,0,0,0,1,1,0
0,0,31396.2,58691,0,131274,0,10.7,0,0,0,1,0,21.6,0,2,0,7,0,25.37,0,0,0,0,1,0,0,0,1
0,0,21883.48,73000,1,108985,0,5.9,0,0,0,0,0,194.3,0,2,0,21,1,35.98,0,0,1,0,0,0,0,1,0
0,0,16415.19,99985,0,123511,0,8.3,0,0,0,1,0,97.6,0,2,0,7,0,37.29,0,1,0,0,0,0,0,1,0
0,0,39319.17,129177,0,71994,0,11.0,0,0,0,0,1,225.4,0,1,1,21,0,36.77,0,0,1,0,0,0,0,0,1
0,0,28409.83,28158,0,35268,0,0.6,0,1,0,0,1,298.9,0,0,0,24,0,33.0,1,0,0,1,0,0,0,1,0
0,0,29068.11,78424,0,30030,0,1.3,0,1,0,0,0,129.9,0,2,0,21,0,40.12,0,0,1,0,0,0,0,0,1
0,0,32527.01,51071,0,115146,0,6.2,0,0,0,2,0,203.7,0,0,0,27,0,36.39,0,0,0,0,0,1,0,1,0
0,0,11124.3,73000,1,175577,0,5.6,0,0,1,0,0,247.9,0,0,0,27,0,33.0,1,0,0,0,1,0,0,1,0
1,7290.54,20501.57,76341,0,74702,0,12.6,0,0,0,0,1,240.8,0,2,0,24,0,33.0,1,0,0,0,0,0,1,0,1
0,0,15949.58,146410,0,117274,0,13.8,0,0,0,1,0,325.9,0,0,0,28,0,39.55,0,0,1,0,0,0,0,0,1
0,0,34527.0,47096,0,0,0,16.0,0,0,0,2,0,307.4,0,1,0,22,0,35.83,0,0,0,0,1,0,0,1,0
1,14132.72,28062.95,26860,0,106983,0,9.0,1,0,0,0,0,56.4,0,0,0,27,0,33.0,1,0,0,1,0,0,0,0,1
0,0,29733.07,127597,0,140028,0,3.4,0,0,0,0,1,230.8,0,0,0,24,0,40.86,0,0,1,0,0,0,0,1,0
1,22090.67,7866.48,94177,0,92201,0,15.8,0,0,0,0,0,40.9,0,1,0,15,0,29.31,0,0,0,0,0,1,0,1,0
1,22195.99,7853.14,106473,0,129670,0,9.0,1,0,0,0,0,292.3,0,5,0,37,0,33.0,1,0,0,0,0,1,0,1,0
0,0,18572.5,123240,0,50241,0,22.9,0,1,0,2,0,96.5,0,2,0,27,0,39.74,0,1,0,0,0,0,0,0,1
1,8523.3,11866.85,53584,0,101000,1,6.9,0,0,0,0,0,342.7,0,3,0,30,0,32.41,0,0,0,0,0,0,1,1,0
0,0,20237.0,60240,0,182582,0,16.7,0,0,0,1,0,140.3,0,2,0,14,0,37.39,0,0,0,0,0,1,0,0,1
0,0,9010.95,17223,0,105244,0,8.8,0,0,0,1,0,99.0,0,0,0,32,0,23.8,0,0,1,0,0,0,0,1,0
1,21571.77,31094.24,0,0,119021,0,7.6,0,1,0,0,1,208.3,0,5,0,21,0,33.88,0,0,0,0,0,0,1,0,1
0,0,38963.59,91444,0,125141,0,5.7,0,0,0,0,0,72.0,0,1,0,23,0,33.0,1,0,1,0,0,0,0,0,1
0,0,16370.46,73000,1,141587,0,2.4,0,1,0,2,0,291.6,0,1,1,32,0,33.07,0,0,0,0,0,1,0,1,0
0,0,5598.27,33044,0,71107,0,9.1,0,0,0,1,0,39.0,0,0,0,28,0,33.0,1,0,1,0,0,0,0,1,0
0,0,3964.53,79010,0,152140,0,21.9,0,0,0,0,0,91.9,0,4,0,34,0,25.2,0,1,0,0,0,0,0,1,0
0,0,7175.23,92637,0,66174,0,7.9,0,0,1,2,0,230.7,0,0,0,20,0,33.0,1,0,1,0,0,0,0,1,0
0,0,18223.05,111605,0,76164,0,15.7,0,0,0,1,0,210.9,0,1,0,39,0,35.74,0,1,0,0,0,0,0,0,1
0,0,19841.0,73000,1,56882,0,9.3,0,1,0,0,0,145.6,0,2,0,27,0,40.75,0,0,0,0,1,0,0,0,1
1,2252.93,21270.85,27088,0,41258,0,13.1,0,1,0,0,0,52.8,0,3,0,35,0,25.44,0,0,1,0,0,0,0,0,1
0,0,4125.97,52113,0,86983,0,2.1,0,1,0,1,0,9.9,0,3,0,20,0,34.09,0,1,0,0,0,0,0,1,0
0,0,10581.67,0,0,87297,0,17.9,0,0,0,0,0,137.2,0,2,0,25,0,26.6,0,0,0,1,0,0,0,0,1
1,11435.67,3603.38,73000,1,45301,0,9.0,1,1,0,0,0,221.3,0,1,1,32,0,33.0,1,1,0,0,0,0,0,1,0
0,0,26703.96,59098,0,134036,0,2.7,0,1,0,1,0,230.3,0,1,0,22,0,35.6,0,0,0,0,1,0,0,1,0
0,0,27258.57,112928,0,121110,0,9.0,1,1,0,0,1,137.6,0,2,0,9,0,46.95,0,0,1,0,0,0,0,0,1
1,17060.47,19324.87,111431,0,67359,0,10.5,0,0,0,0,0,180.0,1,1,1,31,0,27.86,0,1,0,0,0,0,0,0,1
0,0,23020.65,73000,1,162472,0,1.9,0,0,0,0,0,128.8,0,1,0,27,0,33.0,1,0,0,1,0,0,0,0,1
0,0,15419.2,94460,0,114346,0,9.0,1,0,0,0,0,167.4,0,1,1,15,0,41.0,0,0,0,0,1,0,0,0,1
1,9016.75,16241.78,66722,0,101000,1,11.7,0,0,0,0,0,269.5,0,0,0,9,0,42.36,0,0,0,0,1,0,0,1,0
0,0,15631.88,30704,0,88069,0,12.9,0,0,0,0,0,103.9,0,1,1,0,0,35.52,0,0,0,0,0,1,0,1,0
0,0,6816.96,61487,0,81280,0,0.3,0,0,0,1,0,164.0,0,1,0,21,0,33.0,1,0,0,0,0,0,1,1,0
0,0,36679.03,73000,1,82513,0,4.5,0,0,0,1,0,1.9,0,1,0,11,0,33.0,1,1,0,0,0,0,0,0,1
0,0,20775.6,58309,0,60770,0,8.9,0,0,0,1,0,157.9,0,0,0,31,0,33.0,1,0,0,1,0,0,0,0,1
0,0,33909.86,39029,0,56649,0,3.8,0,0,0,0,0,147.5,0,0,0,25,0,33.0,1,0,0,0,0,0,1,1,0
0,0,37796.71,32549,0,138798,0,9.0,1,2,0,0,0,98.1,0,1,0,26,0,46.85,0,1,0,0,0,0,0,0,1
0,0,13010.48,69823,0,146733,0,7.1,0,0,0,1,0,173.8,0,0,0,21,1,30.22,0,0,0,0,1,0,0,0,1
1,7140.65,15834.87,140682,0,39209,0,9.0,1,0,0,2,0,201.2,0,5,0,25,0,18.76,0,1,0,0,0,0,0,0,1
0,0,5354.2,3275,0,104035,0,8.4,0,0,1,1,0,12.9,0,1,0,33,0,39.99,0,0,0,0,0,0,1,1,0
0,0,26507.91,74810,0,102350,0,10.8,0,0,0,0,0,161.6,0,0,0,20,0,33.0,1,0,1,0,0,0,0,1,0
0,0,17170.14,69420,0,126829,0,4.7,0,0,0,0,0,55.8,0,1,0,27,0,33.0,1,0,0,0,1,0,0,1,0
0,0,24101.12,114203,0,140506,0,12.7,0,0,1,0,1,189.4,0,0,0,25,0,22.48,0,0,0,1,0,0,0,0,1
0,0,32319.68,101372,0,63407,0,0.8,0,0,1,0,0,173.7,0,0,0,17,0,44.18,0,1,0,0,0,0,0,1,0
0,0,7092.19,73000,1,143206,0,8.2,0,1,0,2,0,222.1,0,3,0,33,0,42.43,0,0,0,1,0,0,0,0,1
0,0,30799.83,3129,0,102710,0,1.9,0,0,1,0,0,73.0,0,3,0,16,0,31.83,0,0,0,0,1,0,0,1,0
0,0,11781.36,63340,0,55984,0,9.2,0,0,0,1,0,42.4,0,3,0,31,0,47.2,0,0,1,0,0,0,0,1,0
0,0,8253.81,28810,0,146886,0,25.4,0,0,0,1,0,101.0,0,0,0,11,0,26.18,0,0,1,0,0,0,0,1,0
0,0,30308.33,65366,0,11328,0,7.1,0,0,0,0,0,209.1,0,5,0,28,0,33.0,1,0,0,0,0,1,0,1,0
0,0,24380.13,56455,0,101000,1,9.0,1,0,0,2,0,49.0,0,3,0,29,0,31.16,0,1,0,0,0,0,0,0,1
0,0,22996.9,77041,0,123109,0,5.0,0,0,0,1,0,264.1,0,2,0,12,0,37.01,0,0,0,1,0,0,0,1,0
1,28397.71,8123.41,65034,0,107554,0,18.0,0,0,0,0,0,251.4,0,0,0,38,0,30.98,0,0,0,1,0,0,0,0,1
0,0,35294.52,73000,1,82680,0,4.6,0,0,0,1,0,228.5,0,1,0,10,0,33.0,1,0,1,0,0,0,0,0,1
0,0,5700.12,73000,1,128523,0,5.7,0,0,1,0,0,182.4,0,3,0,20,0,22.5,0,0,1,0,0,0,0,0,1
0,0,30024.22,46010,0,90558,0,0.2,0,0,0,1,0,223.7,0,0,0,8,0,33.0,1,0,0,0,0,0,1,0,1
0,0,31204.21,67126,0,101000,1,9.0,1,0,0,0,1,221.6,0,0,0,15,0,33.82,0,0,0,0,0,1,0,0,1
1,8604.2,14715.33,131406,0,98768,0,18.5,0,0,0,0,1,176.8,0,0,0,19,0,47.24,0,0,0,0,1,0,0,1,0
0,0,33029.07,73000,1,87910,0,18.1,0,0,0,0,0,452.7,0,1,0,20,0,28.58,0,0,0,0,0,0,1,1,0
0,0,16352.59,123647,0,191180,0,0.0,0,1,0,0,0,403.7,0,1,0,21,0,31.88,0,0,0,1,0,0,0,0,1
0,0,9059.22,56501,0,106987,0,9.0,1,1,0,3,0,78.9,0,1,0,18,0,33.98,0,0,0,0,1,0,0,1,0
0,0,2600.02,64428,0,80673,0,15.9,0,0,0,1,0,154.3,0,2,0,29,0,33.0,1,0,1,0,0,0,0,0,1
0,0,26667.44,108893,0,94585,0,7.5,0,0,1,0,0,285.8,0,0,0,16,0,37.89,0,1,0,0,0,0,0,1,0
0,0,35920.6,131441,0,137105,0,13.0,0,0,0,0,0,251.6,0,2,0,29,0,16.93,0,1,0,0,0,0,0,1,0
0,0,3873.23,31277,0,144321,0,9.7,0,2,0,0,1,205.0,0,1,0,22,0,33.0,1,0,0,0,0,1,0,1,0
0,0,17728.46,102202,0,101000,1,9.4,0,0,0,0,1,121.2,0,3,0,22,0,45.6,0,0,0,0,0,0,1,0,1
0,0,5372.44,49320,0,118406,0,15.4,0,0,0,1,0,219.2,0,0,0,32,0,33.0,1,0,0,1,0,0,0,0,1
0,0,38543.13,66550,0,137163,0,9.9,0,0,0,0,0,135.7,0,4,0,8,0,19.65,0,0,0,0,0,0,1,0,1
1,14534.23,20239.61,117679,0,101000,1,15.6,0,0,0,1,0,98.0,0,2,0,27,0,33.0,1,1,0,0,0,0,0,0,1
0,0,2059.75,140761,0,102325,0,9.6,0,0,0,0,1,110.5,0,1,1,26,0,37.45,0,0,0,1,0,0,0,0,1
0,0,11348.58,46604,0,0,0,19.5,0,1,0,0,0,185.8,0,2,0,19,0,25.83,0,0,0,1,0,0,0,0,1
0,0,17757.72,54579,0,124576,0,12.6,0,0,0,0,0,259.0,0,1,0,52,0,28.31,0,0,0,0,0,0,1,1,0
0,0,10530.07,130323,0,103424,0,3.1,0,0,0,1,0,61.4,0,1,0,16,0,32.44,0,0,1,0,0,0,0,0,1
0,0,7390.76,84075,0,139569,0,8.0,0,0,0,0,0,83.8,0,0,0,18,0,36.75,0,1,0,0,0,0,0,1,0
0,0,39671.44,123813,0,125848,0,3.2,0,0,0,0,0,82.3,0,4,0,22,0,46.29,0,0,1,0,0,0,0,0,1
1,15538.44,37113.25,111791,0,44911,0,5.0,0,0,0,1,0,166.3,0,2,0,23,0,33.0,1,0,0,0,1,0,0,1,0
0,0,3941.86,104530,0,0,0,8.3,0,0,0,1,0,201.3,0,3,0,17,0,38.97,0,0,1,0,0,0,0,0,1
1,12514.1,33139.57,27987,0,39541,0,13.4,0,0,0,0,0,204.0,0,0,0,26,0,28.73,0,0,1,0,0,0,0,0,1
1,3594.36,20825.91,129378,0,93841,0,18.3,0,0,0,0,0,270.7,0,1,0,19,0,29.72,0,0,0,0,0,1,0,0,1
0,0,24328.12,120791,0,129418,0,0.8,0,0,0,1,0,94.9,0,3,0,6,0,36.84,0,0,0,0,1,0,0,1,0
1,17813.81,7120.99,93900,0,74499,0,9.0,1,1,0,0,0,180.0,1,1,1,17,0,25.13,0,0,0,0,0,1,0,0,1
0,0,12706.68,148023,0,125115,0,7.2,0,0,0,0,0,3.6,0,1,0,12,0,23.95,0,0,0,1,0,0,0,1,0
0,0,2929.56,34680,0,0,0,3.0,0,0,0,0,0,132.2,0,4,0,23,0,25.61,0,0,1,0,0,0,0,1,0
0,0,34396.33,36725,0,72624,0,9.0,1,0,0,0,1,171.6,0,1,0,16,0,40.94,0,0,0,1,0,0,0,0,1
0,0,21386.8,44344,0,124859,0,3.9,0,2,0,0,0,189.8,0,0,0,19,0,33.0,1,0,0,0,1,0,0,0,1
0,0,5153.94,86307,0,99395,0,14.9,0,0,1,0,0,208.5,0,0,0,10,0,37.31,0,0,0,0,1,0,0,1,0
0,0,18652.78,73000,1,89070,0,11.0,0,0,0,0,0,207.8,0,3,0,21,1,20.4,0,0,1,0,0,0,0,0,1
0,0,1472.52,21744,0,46742,0,0.9,0,1,0,0,0,221.6,0,0,0,23,0,33.0,1,0,0,1,0,0,0,1,0
0,0,14803.56,81400,0,26473,0,10.2,0,0,0,2,0,148.0,0,0,0,14,0,33.37,0,0,0,1,0,0,0,0,1
1,9569.82,35004.6,72796,0,138744,0,8.5,0,1,0,0,0,245.9,0,0,0,23,0,43.2,0,0,0,1,0,0,0,0,1
0,0,5433.47,114788,0,53802,0,8.4,0,0,1,0,0,153.5,0,0,0,32,0,24.2,0,0,0,0,0,1,0,0,1
1,13532.29,26221.41,93095,0,218636,0,3.3,0,1,0,1,0,256.6,0,2,0,40,0,29.22,0,0,0,0,0,0,1,1,0
